-- phpMyAdmin SQL Dump
-- version 5.0.4
-- https://www.phpmyadmin.net/
--
-- Host: 127.0.0.1
-- Generation Time: May 18, 2022 at 01:58 AM
-- Server version: 10.4.17-MariaDB
-- PHP Version: 8.0.2

SET SQL_MODE = "NO_AUTO_VALUE_ON_ZERO";
START TRANSACTION;
SET time_zone = "+00:00";


/*!40101 SET @OLD_CHARACTER_SET_CLIENT=@@CHARACTER_SET_CLIENT */;
/*!40101 SET @OLD_CHARACTER_SET_RESULTS=@@CHARACTER_SET_RESULTS */;
/*!40101 SET @OLD_COLLATION_CONNECTION=@@COLLATION_CONNECTION */;
/*!40101 SET NAMES utf8mb4 */;

--
-- Database: `clinicmgt`
--

-- --------------------------------------------------------

--
-- Table structure for table `activity_logs`
--

CREATE TABLE `activity_logs` (
  `id` int(11) NOT NULL,
  `user_name` varchar(255) DEFAULT NULL,
  `email` varchar(255) DEFAULT NULL,
  `description` varchar(255) DEFAULT NULL,
  `date_time` varchar(255) DEFAULT NULL,
  `created_at` timestamp NOT NULL DEFAULT current_timestamp(),
  `updated_at` timestamp NOT NULL DEFAULT current_timestamp()
) ENGINE=InnoDB DEFAULT CHARSET=utf8mb4;

--
-- Dumping data for table `activity_logs`
--

INSERT INTO `activity_logs` (`id`, `user_name`, `email`, `description`, `date_time`, `created_at`, `updated_at`) VALUES
(146, '1000202023', NULL, 'Log In', 'Thu, Apr 21, 2022 7:27 AM', '2022-04-20 23:27:02', '2022-04-20 23:27:02'),
(147, '1000202023', NULL, 'Log Out', 'Thu, Apr 21, 2022 7:29 AM', '2022-04-20 23:29:09', '2022-04-20 23:29:09'),
(148, '1000202023', NULL, 'Log In', 'Thu, Apr 21, 2022 7:29 AM', '2022-04-20 23:29:20', '2022-04-20 23:29:20'),
(149, 'clinicstaff', NULL, 'Log Out', 'Thu, Apr 21, 2022 7:59 AM', '2022-04-20 23:59:44', '2022-04-20 23:59:44'),
(150, 'doctor', NULL, 'Log In', 'Thu, Apr 21, 2022 7:59 AM', '2022-04-20 23:59:51', '2022-04-20 23:59:51'),
(151, 'doctor', NULL, 'Log Out', 'Thu, Apr 21, 2022 8:27 AM', '2022-04-21 00:27:36', '2022-04-21 00:27:36'),
(152, 'clinicstaff', NULL, 'Log In', 'Thu, Apr 21, 2022 8:27 AM', '2022-04-21 00:27:44', '2022-04-21 00:27:44'),
(153, 'clinicstaff', NULL, 'Log Out', 'Thu, Apr 21, 2022 8:28 AM', '2022-04-21 00:28:30', '2022-04-21 00:28:30'),
(154, 'doctor', NULL, 'Log In', 'Thu, Apr 21, 2022 8:28 AM', '2022-04-21 00:28:38', '2022-04-21 00:28:38'),
(155, 'doctor', NULL, 'Log Out', 'Thu, Apr 21, 2022 8:29 AM', '2022-04-21 00:29:33', '2022-04-21 00:29:33'),
(156, 'clinicstaff', NULL, 'Log In', 'Thu, Apr 21, 2022 8:30 AM', '2022-04-21 00:30:32', '2022-04-21 00:30:32'),
(157, 'clinicstaff', NULL, 'Log Out', 'Thu, Apr 21, 2022 9:02 AM', '2022-04-21 01:02:13', '2022-04-21 01:02:13'),
(158, 'clinicstaff', NULL, 'Log In', 'Thu, Apr 21, 2022 9:02 AM', '2022-04-21 01:02:21', '2022-04-21 01:02:21'),
(159, '1000202023', NULL, 'Log Out', 'Thu, Apr 21, 2022 9:02 AM', '2022-04-21 01:02:36', '2022-04-21 01:02:36'),
(160, 'clinicstaff', NULL, 'Log Out', 'Thu, Apr 21, 2022 9:14 AM', '2022-04-21 01:14:05', '2022-04-21 01:14:05'),
(161, 'clinicstaff', NULL, 'Log In', 'Thu, Apr 21, 2022 9:14 AM', '2022-04-21 01:14:28', '2022-04-21 01:14:28'),
(162, 'clinicstaff', NULL, 'Log Out', 'Thu, Apr 21, 2022 9:36 AM', '2022-04-21 01:36:17', '2022-04-21 01:36:17'),
(163, 'doctor', NULL, 'Log In', 'Thu, Apr 21, 2022 9:36 AM', '2022-04-21 01:36:25', '2022-04-21 01:36:25'),
(164, 'doctor', NULL, 'Log Out', 'Thu, Apr 21, 2022 9:37 AM', '2022-04-21 01:37:59', '2022-04-21 01:37:59'),
(165, '1000202023', NULL, 'Log In', 'Thu, Apr 21, 2022 9:38 AM', '2022-04-21 01:38:21', '2022-04-21 01:38:21'),
(166, '1000202023', NULL, 'Log Out', 'Thu, Apr 21, 2022 9:40 AM', '2022-04-21 01:40:48', '2022-04-21 01:40:48'),
(167, 'clinicstaff', NULL, 'Log In', 'Thu, Apr 21, 2022 9:40 AM', '2022-04-21 01:40:57', '2022-04-21 01:40:57'),
(168, 'clinicstaff', NULL, 'Log In', 'Wed, Apr 27, 2022 8:55 PM', '2022-04-27 12:55:41', '2022-04-27 12:55:41'),
(169, 'clinicstaff', NULL, 'Log In', 'Thu, Apr 28, 2022 8:24 PM', '2022-04-28 12:24:04', '2022-04-28 12:24:04'),
(170, 'clinicstaff', NULL, 'Log In', 'Wed, May 4, 2022 1:45 PM', '2022-05-04 05:45:46', '2022-05-04 05:45:46'),
(171, 'clinicstaff', NULL, 'Log Out', 'Wed, May 4, 2022 2:47 PM', '2022-05-04 06:47:32', '2022-05-04 06:47:32'),
(172, 'clinicstaff', NULL, 'Log In', 'Wed, May 4, 2022 2:48 PM', '2022-05-04 06:48:04', '2022-05-04 06:48:04'),
(173, 'clinicstaff', NULL, 'Log In', 'Wed, May 4, 2022 6:22 PM', '2022-05-04 10:22:17', '2022-05-04 10:22:17'),
(174, 'clinicstaff', NULL, 'Log In', 'Thu, May 5, 2022 12:44 PM', '2022-05-05 04:44:32', '2022-05-05 04:44:32'),
(175, 'clinicstaff', NULL, 'Log In', 'Sat, May 7, 2022 10:16 AM', '2022-05-07 02:16:50', '2022-05-07 02:16:50'),
(176, 'clinicstaff', NULL, 'Log Out', 'Sat, May 7, 2022 7:58 PM', '2022-05-07 11:58:39', '2022-05-07 11:58:39'),
(177, 'clinicstaff', NULL, 'Log In', 'Sat, May 7, 2022 8:10 PM', '2022-05-07 12:10:51', '2022-05-07 12:10:51'),
(178, 'clinicstaff', NULL, 'Log Out', 'Sat, May 7, 2022 8:34 PM', '2022-05-07 12:34:37', '2022-05-07 12:34:37'),
(179, 'clinicstaff', NULL, 'Log In', 'Sat, May 7, 2022 8:39 PM', '2022-05-07 12:39:28', '2022-05-07 12:39:28'),
(180, 'clinicstaff', NULL, 'Log In', 'Sun, May 8, 2022 9:23 PM', '2022-05-08 13:23:58', '2022-05-08 13:23:58'),
(181, 'clinicstaff', NULL, 'Log In', 'Mon, May 9, 2022 9:21 AM', '2022-05-09 01:21:31', '2022-05-09 01:21:31'),
(182, 'clinicstaff', NULL, 'Log In', 'Mon, May 9, 2022 2:53 PM', '2022-05-09 06:53:25', '2022-05-09 06:53:25'),
(183, 'doctor', NULL, 'Log In', 'Mon, May 9, 2022 9:58 PM', '2022-05-09 13:58:09', '2022-05-09 13:58:09'),
(184, 'clinicstaff', NULL, 'Log In', 'Tue, May 10, 2022 1:05 PM', '2022-05-10 05:05:43', '2022-05-10 05:05:43'),
(185, 'clinicstaff', NULL, 'Log Out', 'Tue, May 10, 2022 3:37 PM', '2022-05-10 07:37:41', '2022-05-10 07:37:41'),
(186, 'doctor', NULL, 'Log In', 'Tue, May 10, 2022 3:37 PM', '2022-05-10 07:37:48', '2022-05-10 07:37:48'),
(187, 'doctor', NULL, 'Log Out', 'Tue, May 10, 2022 4:25 PM', '2022-05-10 08:25:55', '2022-05-10 08:25:55'),
(188, 'clinicstaff', NULL, 'Log In', 'Tue, May 10, 2022 4:26 PM', '2022-05-10 08:26:20', '2022-05-10 08:26:20'),
(189, 'clinicstaff', NULL, 'Log In', 'Wed, May 11, 2022 12:28 PM', '2022-05-11 04:28:42', '2022-05-11 04:28:42'),
(190, 'clinicstaff', NULL, 'Update Health Data', 'Wed, May 11, 2022 11:12 PM', '2022-05-11 15:12:36', '2022-05-11 15:12:36'),
(191, 'clinicstaff', NULL, 'Updated Health Data of<b>Patient</b>1000202011', 'Wed, May 11, 2022 11:26 PM', '2022-05-11 15:26:12', '2022-05-11 15:26:12'),
(192, 'clinicstaff', NULL, 'Updated Health Data of Patient 1000202011', 'Wed, May 11, 2022 11:27 PM', '2022-05-11 15:27:34', '2022-05-11 15:27:34'),
(193, 'clinicstaff', NULL, 'Health Information of PatientTRAVISHOGAN has been updated.', 'Wed, May 11, 2022 11:35 PM', '2022-05-11 15:35:37', '2022-05-11 15:35:37'),
(194, 'clinicstaff', NULL, 'Log In', 'Thu, May 12, 2022 2:43 PM', '2022-05-12 06:43:44', '2022-05-12 06:43:44'),
(195, 'clinicstaff', NULL, 'Log In', 'Thu, May 12, 2022 7:26 PM', '2022-05-12 11:26:41', '2022-05-12 11:26:41'),
(196, 'clinicstaff', NULL, 'Log Out', 'Fri, May 13, 2022 3:21 AM', '2022-05-12 19:21:40', '2022-05-12 19:21:40'),
(197, 'doctor', NULL, 'Log In', 'Fri, May 13, 2022 3:21 AM', '2022-05-12 19:21:47', '2022-05-12 19:21:47'),
(198, 'doctor', NULL, 'Log Out', 'Fri, May 13, 2022 3:23 AM', '2022-05-12 19:23:05', '2022-05-12 19:23:05'),
(199, 'clinicstaff', NULL, 'Log In', 'Fri, May 13, 2022 3:23 AM', '2022-05-12 19:23:13', '2022-05-12 19:23:13'),
(200, 'clinicstaff', NULL, 'Log Out', 'Fri, May 13, 2022 7:13 AM', '2022-05-12 23:13:01', '2022-05-12 23:13:01'),
(201, '1000202011', NULL, 'Log In', 'Fri, May 13, 2022 7:13 AM', '2022-05-12 23:13:07', '2022-05-12 23:13:07'),
(202, 'clinicstaff', NULL, 'Log In', 'Fri, May 13, 2022 7:19 AM', '2022-05-12 23:19:48', '2022-05-12 23:19:48'),
(203, '1000202011', NULL, 'Log Out', 'Fri, May 13, 2022 9:10 AM', '2022-05-13 01:10:09', '2022-05-13 01:10:09'),
(204, 'clinicstaff', NULL, 'Log In', 'Fri, May 13, 2022 9:10 AM', '2022-05-13 01:10:16', '2022-05-13 01:10:16'),
(205, 'clinicstaff', NULL, 'Log In', 'Fri, May 13, 2022 3:11 PM', '2022-05-13 07:11:58', '2022-05-13 07:11:58');

-- --------------------------------------------------------

--
-- Table structure for table `failed_jobs`
--

CREATE TABLE `failed_jobs` (
  `id` bigint(20) UNSIGNED NOT NULL,
  `uuid` varchar(255) COLLATE utf8mb4_unicode_ci NOT NULL,
  `connection` text COLLATE utf8mb4_unicode_ci NOT NULL,
  `queue` text COLLATE utf8mb4_unicode_ci NOT NULL,
  `payload` longtext COLLATE utf8mb4_unicode_ci NOT NULL,
  `exception` longtext COLLATE utf8mb4_unicode_ci NOT NULL,
  `failed_at` timestamp NOT NULL DEFAULT current_timestamp()
) ENGINE=InnoDB DEFAULT CHARSET=utf8mb4 COLLATE=utf8mb4_unicode_ci;

-- --------------------------------------------------------

--
-- Table structure for table `migrations`
--

CREATE TABLE `migrations` (
  `id` int(10) UNSIGNED NOT NULL,
  `migration` varchar(255) COLLATE utf8mb4_unicode_ci NOT NULL,
  `batch` int(11) NOT NULL
) ENGINE=InnoDB DEFAULT CHARSET=utf8mb4 COLLATE=utf8mb4_unicode_ci;

--
-- Dumping data for table `migrations`
--

INSERT INTO `migrations` (`id`, `migration`, `batch`) VALUES
(1, '2014_10_12_000000_create_users_table', 1),
(2, '2014_10_12_100000_create_password_resets_table', 1),
(3, '2019_08_19_000000_create_failed_jobs_table', 1),
(4, '2021_11_16_090345_create_threads_table', 1),
(5, '2021_11_16_090533_create_messages_table', 1),
(6, '2021_11_16_090609_create_participants_table', 1),
(7, '2021_11_16_090652_add_soft_deletes_to_participants_table', 1),
(8, '2021_11_16_090831_create_personal_access_tokens_table', 1),
(9, '2021_11_16_091118_add_soft_deletes_to_threads_table', 1),
(10, '2021_11_16_091149_add_soft_deletes_to_messages_table', 1);

-- --------------------------------------------------------

--
-- Table structure for table `personal_access_tokens`
--

CREATE TABLE `personal_access_tokens` (
  `id` bigint(20) UNSIGNED NOT NULL,
  `tokenable_type` varchar(255) COLLATE utf8mb4_unicode_ci NOT NULL,
  `tokenable_id` bigint(20) UNSIGNED NOT NULL,
  `name` varchar(255) COLLATE utf8mb4_unicode_ci NOT NULL,
  `token` varchar(64) COLLATE utf8mb4_unicode_ci NOT NULL,
  `abilities` text COLLATE utf8mb4_unicode_ci DEFAULT NULL,
  `last_used_at` timestamp NULL DEFAULT NULL,
  `created_at` timestamp NULL DEFAULT NULL,
  `updated_at` timestamp NULL DEFAULT NULL
) ENGINE=InnoDB DEFAULT CHARSET=utf8mb4 COLLATE=utf8mb4_unicode_ci;

-- --------------------------------------------------------

--
-- Table structure for table `tblparents`
--

CREATE TABLE `tblparents` (
  `id` int(11) NOT NULL,
  `complete_name` varchar(255) DEFAULT NULL,
  `relationship` text DEFAULT NULL,
  `birthday` datetime DEFAULT NULL,
  `contact_number` varchar(255) DEFAULT NULL,
  `occupation` varchar(255) DEFAULT NULL,
  `employment_address` varchar(255) DEFAULT NULL,
  `patient_id` int(11) DEFAULT NULL,
  `created_at` timestamp(6) NOT NULL DEFAULT current_timestamp(6),
  `updated_at` timestamp(6) NOT NULL DEFAULT current_timestamp(6)
) ENGINE=InnoDB DEFAULT CHARSET=utf8mb4;

--
-- Dumping data for table `tblparents`
--

INSERT INTO `tblparents` (`id`, `complete_name`, `relationship`, `birthday`, `contact_number`, `occupation`, `employment_address`, `patient_id`, `created_at`, `updated_at`) VALUES
(467, 'JAYME STEWART', 'Father', '2022-05-31 00:00:00', '+19974593245', 'ELIT VOLUPTATE NOST', 'ASPERIORES SIT DESE', 258, '2022-05-05 06:37:56.000000', '2022-05-05 06:37:56.000000'),
(468, 'LUCY MCCARTY', 'Mother', '2022-05-30 00:00:00', '+17358148961', 'OFFICIA SUSCIPIT UT', 'QUIA ESSE ELIGENDI E', 258, '2022-05-05 06:37:56.000000', '2022-05-05 06:37:56.000000'),
(469, 'QUAIL DOUGLAS', 'Father', '1996-04-23 00:00:00', '+18298526733', 'ELIT VOLUPTATE NOST', 'VOLUPTATEM QUIA SEQ', 259, '2022-05-12 22:59:47.000000', '2022-05-12 22:59:47.000000'),
(470, 'GRADY KELLEY', 'Mother', '1996-09-23 00:00:00', '+18828159107', 'CONSEQUATUR AUTE MA', 'QUIA ESSE ELIGENDI E', 259, '2022-05-12 22:59:47.000000', '2022-05-12 22:59:47.000000');

-- --------------------------------------------------------

--
-- Table structure for table `tbl_allergies`
--

CREATE TABLE `tbl_allergies` (
  `id` int(11) NOT NULL,
  `allergy` varchar(255) DEFAULT NULL,
  `patient_id` int(11) DEFAULT NULL,
  `visitor_id` int(11) DEFAULT NULL,
  `created_at` timestamp(6) NOT NULL DEFAULT current_timestamp(6),
  `updated_at` timestamp(6) NOT NULL DEFAULT current_timestamp(6)
) ENGINE=InnoDB DEFAULT CHARSET=utf8mb4;

--
-- Dumping data for table `tbl_allergies`
--

INSERT INTO `tbl_allergies` (`id`, `allergy`, `patient_id`, `visitor_id`, `created_at`, `updated_at`) VALUES
(88, NULL, 258, NULL, '2022-05-05 06:37:57.000000', '2022-05-05 06:37:57.000000'),
(89, NULL, NULL, 3, '2022-05-07 04:52:02.000000', '2022-05-07 04:52:02.000000'),
(90, NULL, NULL, 4, '2022-05-07 04:54:22.000000', '2022-05-07 04:54:22.000000'),
(91, NULL, 259, NULL, '2022-05-12 22:59:49.000000', '2022-05-12 22:59:49.000000');

-- --------------------------------------------------------

--
-- Table structure for table `tbl_appointments`
--

CREATE TABLE `tbl_appointments` (
  `id` int(11) NOT NULL,
  `title` text NOT NULL,
  `patient_id` int(11) DEFAULT NULL,
  `start` datetime NOT NULL,
  `end` datetime NOT NULL,
  `color` text NOT NULL,
  `textColor` text NOT NULL,
  `archived` tinyint(1) DEFAULT NULL,
  `created_at` timestamp(6) NOT NULL DEFAULT current_timestamp(6),
  `updated_at` timestamp(6) NOT NULL DEFAULT current_timestamp(6)
) ENGINE=InnoDB DEFAULT CHARSET=utf8mb4;

--
-- Dumping data for table `tbl_appointments`
--

INSERT INTO `tbl_appointments` (`id`, `title`, `patient_id`, `start`, `end`, `color`, `textColor`, `archived`, `created_at`, `updated_at`) VALUES
(94, 'sample', NULL, '2022-01-09 00:00:00', '2022-04-14 00:00:00', '#f2caca', '#000000', 0, '2022-05-11 17:46:38.000000', '2022-05-11 17:46:38.000000'),
(96, 'sample4', NULL, '2022-04-06 00:00:00', '2022-04-06 00:00:00', '#b07373', '#000000', 0, '2022-05-12 18:57:49.000000', '2022-05-12 18:57:49.000000'),
(97, 'sampleevent', NULL, '2022-05-26 00:00:00', '2022-05-27 00:00:00', '#79cd5b', '#000000', 0, '2022-05-12 19:04:51.000000', '2022-05-12 19:04:51.000000'),
(98, 'dssdfg', NULL, '2022-01-09 00:00:00', '2022-01-09 10:00:00', '#637a48', '#000000', 0, '2022-05-12 22:22:54.000000', '2022-05-12 22:22:54.000000'),
(99, 'adasdsa', NULL, '2022-01-02 00:00:00', '2022-01-02 00:00:00', '#000000', '#000000', 0, '2022-05-12 22:32:33.000000', '2022-05-12 22:32:33.000000'),
(100, 'vbnvbnb', NULL, '2022-04-13 00:00:00', '2022-04-13 00:00:00', '#000000', '#000000', 1, '2022-05-12 22:33:55.000000', '2022-05-13 01:24:09.000000'),
(102, 'iopoipio', 258, '2022-04-13 00:00:00', '2022-04-14 00:00:00', '#000000', '#000000', 1, '2022-05-12 22:48:46.000000', '2022-05-13 01:23:45.000000'),
(103, 'anual', 258, '2022-01-09 00:00:00', '2022-04-14 00:00:00', '#000000', '#000000', 1, '2022-05-12 22:50:32.000000', '2022-05-13 01:24:17.000000'),
(104, 'KL;LK', 258, '2022-04-13 00:00:00', '2022-04-13 00:00:00', '#000000', '#000000', 1, '2022-05-12 23:00:14.000000', '2022-05-13 01:23:54.000000'),
(105, 'KL;LK', 259, '2022-04-13 00:00:00', '2022-04-13 00:00:00', '#000000', '#000000', 1, '2022-05-12 23:00:14.000000', '2022-05-13 01:24:01.000000'),
(106, 'sampleann', 258, '2022-01-09 00:00:00', '2022-04-14 00:00:00', '#e4e072', '#000000', 0, '2022-05-12 23:51:24.000000', '2022-05-12 23:51:24.000000'),
(107, 'sampleann', 259, '2022-01-09 00:00:00', '2022-04-14 00:00:00', '#e4e072', '#000000', 0, '2022-05-12 23:51:24.000000', '2022-05-12 23:51:24.000000'),
(108, 'annual', 258, '2022-05-13 00:00:00', '2022-05-13 00:00:00', '#cedd5a', '#000000', 0, '2022-05-12 23:54:01.000000', '2022-05-12 23:54:01.000000'),
(109, 'annual', 259, '2022-05-13 00:00:00', '2022-05-13 00:00:00', '#cedd5a', '#000000', 0, '2022-05-12 23:54:01.000000', '2022-05-12 23:54:01.000000'),
(110, 'Sample Annual', 258, '2022-05-30 00:00:00', '2022-05-30 00:00:00', '#91d265', '#000000', 0, '2022-05-12 23:59:19.000000', '2022-05-12 23:59:19.000000'),
(111, 'Sample Annual', 259, '2022-05-30 00:00:00', '2022-05-30 00:00:00', '#91d265', '#000000', 0, '2022-05-12 23:59:20.000000', '2022-05-12 23:59:20.000000'),
(112, 'sample annual', 258, '2022-05-31 00:00:00', '2022-05-31 00:00:00', '#84ac53', '#000000', 0, '2022-05-13 01:48:49.000000', '2022-05-13 01:48:49.000000'),
(113, 'sample annual', 259, '2022-05-31 00:00:00', '2022-05-31 00:00:00', '#84ac53', '#000000', 0, '2022-05-13 01:48:49.000000', '2022-05-13 01:48:49.000000');

-- --------------------------------------------------------

--
-- Table structure for table `tbl_behavioral_problems`
--

CREATE TABLE `tbl_behavioral_problems` (
  `id` int(11) NOT NULL,
  `behavior` varchar(255) DEFAULT NULL,
  `patient_id` int(11) DEFAULT NULL,
  `visitor_id` int(11) DEFAULT NULL,
  `created_at` timestamp(6) NOT NULL DEFAULT current_timestamp(6),
  `updated_at` timestamp(6) NOT NULL DEFAULT current_timestamp(6)
) ENGINE=InnoDB DEFAULT CHARSET=utf8mb4;

--
-- Dumping data for table `tbl_behavioral_problems`
--

INSERT INTO `tbl_behavioral_problems` (`id`, `behavior`, `patient_id`, `visitor_id`, `created_at`, `updated_at`) VALUES
(87, NULL, 258, NULL, '2022-05-05 06:37:58.000000', '2022-05-05 06:37:58.000000'),
(88, NULL, NULL, 3, '2022-05-07 04:52:03.000000', '2022-05-07 04:52:03.000000'),
(89, NULL, NULL, 4, '2022-05-07 04:54:23.000000', '2022-05-07 04:54:23.000000'),
(90, NULL, 259, NULL, '2022-05-12 22:59:49.000000', '2022-05-12 22:59:49.000000');

-- --------------------------------------------------------

--
-- Table structure for table `tbl_cancers`
--

CREATE TABLE `tbl_cancers` (
  `id` int(11) NOT NULL,
  `cancer` varchar(255) DEFAULT NULL,
  `patient_id` int(11) DEFAULT NULL,
  `visitor_id` int(11) DEFAULT NULL,
  `created_at` timestamp(6) NOT NULL DEFAULT current_timestamp(6),
  `updated_at` timestamp(6) NOT NULL DEFAULT current_timestamp(6)
) ENGINE=InnoDB DEFAULT CHARSET=utf8mb4;

--
-- Dumping data for table `tbl_cancers`
--

INSERT INTO `tbl_cancers` (`id`, `cancer`, `patient_id`, `visitor_id`, `created_at`, `updated_at`) VALUES
(90, NULL, 258, NULL, '2022-05-05 06:37:57.000000', '2022-05-05 06:37:57.000000'),
(91, NULL, NULL, 2, '2022-05-07 04:51:07.000000', '2022-05-07 04:51:07.000000'),
(92, NULL, NULL, 3, '2022-05-07 04:52:01.000000', '2022-05-07 04:52:01.000000'),
(93, NULL, NULL, 4, '2022-05-07 04:54:22.000000', '2022-05-07 04:54:22.000000'),
(94, NULL, 259, NULL, '2022-05-12 22:59:48.000000', '2022-05-12 22:59:48.000000');

-- --------------------------------------------------------

--
-- Table structure for table `tbl_chief_complaints`
--

CREATE TABLE `tbl_chief_complaints` (
  `id` int(11) NOT NULL,
  `chief_complaint` varchar(255) NOT NULL,
  `created_at` timestamp NOT NULL DEFAULT current_timestamp(),
  `updated_at` timestamp NOT NULL DEFAULT current_timestamp()
) ENGINE=InnoDB DEFAULT CHARSET=utf8mb4;

--
-- Dumping data for table `tbl_chief_complaints`
--

INSERT INTO `tbl_chief_complaints` (`id`, `chief_complaint`, `created_at`, `updated_at`) VALUES
(1, 'Head Ache', '2022-04-04 02:16:25', '2022-04-04 02:16:25'),
(2, 'Stomach Ache', '2022-04-04 02:16:25', '2022-04-04 02:16:25'),
(3, 'Tooth Ache', '2022-04-04 02:16:54', '2022-04-04 02:16:54'),
(4, 'Difficulty Breathing', '2022-04-04 02:16:54', '2022-04-04 02:16:54'),
(5, 'Abdominal Pain', '2022-04-04 02:17:24', '2022-04-04 02:17:24'),
(6, 'Fever', '2022-04-04 02:17:24', '2022-04-04 02:17:24'),
(7, 'Dizziness', '2022-04-04 02:19:27', '2022-04-04 02:19:27'),
(8, 'Dysmenorrhea', '2022-04-04 02:19:27', '2022-04-04 02:19:27'),
(9, 'Diarhea', '2022-04-04 02:19:27', '2022-04-04 02:19:27'),
(10, 'Vomiting', '2022-04-04 02:19:27', '2022-04-04 02:19:27');

-- --------------------------------------------------------

--
-- Table structure for table `tbl_cities`
--

CREATE TABLE `tbl_cities` (
  `id` int(11) NOT NULL,
  `city` varchar(255) NOT NULL,
  `province_id` int(11) NOT NULL,
  `created_at` timestamp(6) NOT NULL DEFAULT current_timestamp(6),
  `updated_at` timestamp(6) NOT NULL DEFAULT current_timestamp(6)
) ENGINE=InnoDB DEFAULT CHARSET=utf8mb4;

--
-- Dumping data for table `tbl_cities`
--

INSERT INTO `tbl_cities` (`id`, `city`, `province_id`, `created_at`, `updated_at`) VALUES
(1, 'Bangued', 1, '0000-00-00 00:00:00.000000', '0000-00-00 00:00:00.000000'),
(2, 'Buenavista', 2, '0000-00-00 00:00:00.000000', '0000-00-00 00:00:00.000000'),
(3, 'Cabadbaran', 2, '0000-00-00 00:00:00.000000', '0000-00-00 00:00:00.000000'),
(4, 'Las Nieves', 2, '0000-00-00 00:00:00.000000', '0000-00-00 00:00:00.000000'),
(5, 'Nasipit', 2, '0000-00-00 00:00:00.000000', '0000-00-00 00:00:00.000000'),
(6, 'Bayugan', 3, '0000-00-00 00:00:00.000000', '0000-00-00 00:00:00.000000'),
(7, 'Bunawan', 3, '0000-00-00 00:00:00.000000', '0000-00-00 00:00:00.000000'),
(8, 'Esperanza', 3, '0000-00-00 00:00:00.000000', '0000-00-00 00:00:00.000000'),
(9, 'La Paz', 3, '0000-00-00 00:00:00.000000', '0000-00-00 00:00:00.000000'),
(10, 'Loreto', 3, '0000-00-00 00:00:00.000000', '0000-00-00 00:00:00.000000'),
(11, 'Prosperidad', 3, '0000-00-00 00:00:00.000000', '0000-00-00 00:00:00.000000'),
(12, 'Rosario', 3, '0000-00-00 00:00:00.000000', '0000-00-00 00:00:00.000000'),
(13, 'San Francisco', 3, '0000-00-00 00:00:00.000000', '0000-00-00 00:00:00.000000'),
(14, 'San Luis', 3, '0000-00-00 00:00:00.000000', '0000-00-00 00:00:00.000000'),
(15, 'Sibagat', 3, '0000-00-00 00:00:00.000000', '0000-00-00 00:00:00.000000'),
(16, 'Talacogon', 3, '0000-00-00 00:00:00.000000', '0000-00-00 00:00:00.000000'),
(17, 'Trento', 3, '0000-00-00 00:00:00.000000', '0000-00-00 00:00:00.000000'),
(18, 'Veruela', 3, '0000-00-00 00:00:00.000000', '0000-00-00 00:00:00.000000'),
(19, 'Balete', 4, '0000-00-00 00:00:00.000000', '0000-00-00 00:00:00.000000'),
(20, 'Bañga', 4, '0000-00-00 00:00:00.000000', '0000-00-00 00:00:00.000000'),
(21, 'Batan', 4, '0000-00-00 00:00:00.000000', '0000-00-00 00:00:00.000000'),
(22, 'Ibajay', 4, '0000-00-00 00:00:00.000000', '0000-00-00 00:00:00.000000'),
(23, 'Kalibo', 4, '0000-00-00 00:00:00.000000', '0000-00-00 00:00:00.000000'),
(24, 'Libacao', 4, '0000-00-00 00:00:00.000000', '0000-00-00 00:00:00.000000'),
(25, 'Malay', 4, '0000-00-00 00:00:00.000000', '0000-00-00 00:00:00.000000'),
(26, 'Nabas', 4, '0000-00-00 00:00:00.000000', '0000-00-00 00:00:00.000000'),
(27, 'New Washington', 4, '0000-00-00 00:00:00.000000', '0000-00-00 00:00:00.000000'),
(28, 'Numancia', 4, '0000-00-00 00:00:00.000000', '0000-00-00 00:00:00.000000'),
(29, 'Bacacay', 5, '0000-00-00 00:00:00.000000', '0000-00-00 00:00:00.000000'),
(30, 'Camalig', 5, '0000-00-00 00:00:00.000000', '0000-00-00 00:00:00.000000'),
(31, 'Daraga', 5, '0000-00-00 00:00:00.000000', '0000-00-00 00:00:00.000000'),
(32, 'Guinobatan', 5, '0000-00-00 00:00:00.000000', '0000-00-00 00:00:00.000000'),
(33, 'Legazpi City', 5, '0000-00-00 00:00:00.000000', '0000-00-00 00:00:00.000000'),
(34, 'Libon', 5, '0000-00-00 00:00:00.000000', '0000-00-00 00:00:00.000000'),
(35, 'Ligao', 5, '0000-00-00 00:00:00.000000', '0000-00-00 00:00:00.000000'),
(36, 'Malilipot', 5, '0000-00-00 00:00:00.000000', '0000-00-00 00:00:00.000000'),
(37, 'Malinao', 5, '0000-00-00 00:00:00.000000', '0000-00-00 00:00:00.000000'),
(38, 'Oas', 5, '0000-00-00 00:00:00.000000', '0000-00-00 00:00:00.000000'),
(39, 'Pio Duran', 5, '0000-00-00 00:00:00.000000', '0000-00-00 00:00:00.000000'),
(40, 'Polangui', 5, '0000-00-00 00:00:00.000000', '0000-00-00 00:00:00.000000'),
(41, 'Rapu-Rapu', 5, '0000-00-00 00:00:00.000000', '0000-00-00 00:00:00.000000'),
(42, 'Santo Domingo', 5, '0000-00-00 00:00:00.000000', '0000-00-00 00:00:00.000000'),
(43, 'Tabaco', 5, '0000-00-00 00:00:00.000000', '0000-00-00 00:00:00.000000'),
(44, 'Tiwi', 5, '0000-00-00 00:00:00.000000', '0000-00-00 00:00:00.000000'),
(45, 'Bugasong', 6, '0000-00-00 00:00:00.000000', '0000-00-00 00:00:00.000000'),
(46, 'Caluya', 6, '0000-00-00 00:00:00.000000', '0000-00-00 00:00:00.000000'),
(47, 'Culasi', 6, '0000-00-00 00:00:00.000000', '0000-00-00 00:00:00.000000'),
(48, 'Hamtic', 6, '0000-00-00 00:00:00.000000', '0000-00-00 00:00:00.000000'),
(49, 'Pandan', 6, '0000-00-00 00:00:00.000000', '0000-00-00 00:00:00.000000'),
(50, 'Patnongon', 6, '0000-00-00 00:00:00.000000', '0000-00-00 00:00:00.000000'),
(51, 'San Jose', 6, '0000-00-00 00:00:00.000000', '0000-00-00 00:00:00.000000'),
(52, 'San Remigio', 6, '0000-00-00 00:00:00.000000', '0000-00-00 00:00:00.000000'),
(53, 'Sibalom', 6, '0000-00-00 00:00:00.000000', '0000-00-00 00:00:00.000000'),
(54, 'Tobias Fornier', 6, '0000-00-00 00:00:00.000000', '0000-00-00 00:00:00.000000'),
(55, 'Kabugao', 7, '0000-00-00 00:00:00.000000', '0000-00-00 00:00:00.000000'),
(56, 'Baler', 8, '0000-00-00 00:00:00.000000', '0000-00-00 00:00:00.000000'),
(57, 'Dipaculao', 8, '0000-00-00 00:00:00.000000', '0000-00-00 00:00:00.000000'),
(58, 'Maria Aurora', 8, '0000-00-00 00:00:00.000000', '0000-00-00 00:00:00.000000'),
(59, 'San Luis', 8, '0000-00-00 00:00:00.000000', '0000-00-00 00:00:00.000000'),
(60, 'City of Isabela', 9, '0000-00-00 00:00:00.000000', '0000-00-00 00:00:00.000000'),
(61, 'Lamitan', 9, '0000-00-00 00:00:00.000000', '0000-00-00 00:00:00.000000'),
(62, 'Maluso', 9, '0000-00-00 00:00:00.000000', '0000-00-00 00:00:00.000000'),
(63, 'Sumisip', 9, '0000-00-00 00:00:00.000000', '0000-00-00 00:00:00.000000'),
(64, 'Abucay', 10, '0000-00-00 00:00:00.000000', '0000-00-00 00:00:00.000000'),
(65, 'Balanga', 10, '0000-00-00 00:00:00.000000', '0000-00-00 00:00:00.000000'),
(66, 'Dinalupihan', 10, '0000-00-00 00:00:00.000000', '0000-00-00 00:00:00.000000'),
(67, 'Hermosa', 10, '0000-00-00 00:00:00.000000', '0000-00-00 00:00:00.000000'),
(68, 'Limay', 10, '0000-00-00 00:00:00.000000', '0000-00-00 00:00:00.000000'),
(69, 'Mariveles', 10, '0000-00-00 00:00:00.000000', '0000-00-00 00:00:00.000000'),
(70, 'Morong', 10, '0000-00-00 00:00:00.000000', '0000-00-00 00:00:00.000000'),
(71, 'Orani', 10, '0000-00-00 00:00:00.000000', '0000-00-00 00:00:00.000000'),
(72, 'Orion', 10, '0000-00-00 00:00:00.000000', '0000-00-00 00:00:00.000000'),
(73, 'Pilar', 10, '0000-00-00 00:00:00.000000', '0000-00-00 00:00:00.000000'),
(74, 'Samal', 10, '0000-00-00 00:00:00.000000', '0000-00-00 00:00:00.000000'),
(75, 'Basco', 11, '0000-00-00 00:00:00.000000', '0000-00-00 00:00:00.000000'),
(76, 'Agoncillo', 12, '0000-00-00 00:00:00.000000', '0000-00-00 00:00:00.000000'),
(77, 'Balayan', 12, '0000-00-00 00:00:00.000000', '0000-00-00 00:00:00.000000'),
(78, 'Batangas', 12, '0000-00-00 00:00:00.000000', '0000-00-00 00:00:00.000000'),
(79, 'Bauan', 12, '0000-00-00 00:00:00.000000', '0000-00-00 00:00:00.000000'),
(80, 'Calaca', 12, '0000-00-00 00:00:00.000000', '0000-00-00 00:00:00.000000'),
(81, 'Calatagan', 12, '0000-00-00 00:00:00.000000', '0000-00-00 00:00:00.000000'),
(82, 'Cuenca', 12, '0000-00-00 00:00:00.000000', '0000-00-00 00:00:00.000000'),
(83, 'Ibaan', 12, '0000-00-00 00:00:00.000000', '0000-00-00 00:00:00.000000'),
(84, 'Laurel', 12, '0000-00-00 00:00:00.000000', '0000-00-00 00:00:00.000000'),
(85, 'Lemery', 12, '0000-00-00 00:00:00.000000', '0000-00-00 00:00:00.000000'),
(86, 'Lemery', 12, '0000-00-00 00:00:00.000000', '0000-00-00 00:00:00.000000'),
(87, 'Lian', 12, '0000-00-00 00:00:00.000000', '0000-00-00 00:00:00.000000'),
(88, 'Lipa City', 12, '0000-00-00 00:00:00.000000', '0000-00-00 00:00:00.000000'),
(89, 'Lobo', 12, '0000-00-00 00:00:00.000000', '0000-00-00 00:00:00.000000'),
(90, 'Mabini', 12, '0000-00-00 00:00:00.000000', '0000-00-00 00:00:00.000000'),
(91, 'Malvar', 12, '0000-00-00 00:00:00.000000', '0000-00-00 00:00:00.000000'),
(92, 'Mataas Na Kahoy', 12, '0000-00-00 00:00:00.000000', '0000-00-00 00:00:00.000000'),
(93, 'Nasugbu', 12, '0000-00-00 00:00:00.000000', '0000-00-00 00:00:00.000000'),
(94, 'Padre Garcia', 12, '0000-00-00 00:00:00.000000', '0000-00-00 00:00:00.000000'),
(95, 'Rosario', 12, '0000-00-00 00:00:00.000000', '0000-00-00 00:00:00.000000'),
(96, 'San Jose', 12, '0000-00-00 00:00:00.000000', '0000-00-00 00:00:00.000000'),
(97, 'San Juan', 12, '0000-00-00 00:00:00.000000', '0000-00-00 00:00:00.000000'),
(98, 'San Luis', 12, '0000-00-00 00:00:00.000000', '0000-00-00 00:00:00.000000'),
(99, 'San Pascual', 12, '0000-00-00 00:00:00.000000', '0000-00-00 00:00:00.000000'),
(100, 'Santo Tomas', 12, '0000-00-00 00:00:00.000000', '0000-00-00 00:00:00.000000'),
(101, 'Taal', 12, '0000-00-00 00:00:00.000000', '0000-00-00 00:00:00.000000'),
(102, 'Talisay', 12, '0000-00-00 00:00:00.000000', '0000-00-00 00:00:00.000000'),
(103, 'Tanauan', 12, '0000-00-00 00:00:00.000000', '0000-00-00 00:00:00.000000'),
(104, 'Taysan', 12, '0000-00-00 00:00:00.000000', '0000-00-00 00:00:00.000000'),
(105, 'Tingloy', 12, '0000-00-00 00:00:00.000000', '0000-00-00 00:00:00.000000'),
(106, 'Tuy', 12, '0000-00-00 00:00:00.000000', '0000-00-00 00:00:00.000000'),
(107, 'Buguias', 13, '0000-00-00 00:00:00.000000', '0000-00-00 00:00:00.000000'),
(108, 'Itogon', 13, '0000-00-00 00:00:00.000000', '0000-00-00 00:00:00.000000'),
(109, 'La Trinidad', 13, '0000-00-00 00:00:00.000000', '0000-00-00 00:00:00.000000'),
(110, 'Mankayan', 13, '0000-00-00 00:00:00.000000', '0000-00-00 00:00:00.000000'),
(111, 'Naval', 14, '0000-00-00 00:00:00.000000', '0000-00-00 00:00:00.000000'),
(112, 'Anda', 15, '0000-00-00 00:00:00.000000', '0000-00-00 00:00:00.000000'),
(113, 'Baclayon', 15, '0000-00-00 00:00:00.000000', '0000-00-00 00:00:00.000000'),
(114, 'Calape', 15, '0000-00-00 00:00:00.000000', '0000-00-00 00:00:00.000000'),
(115, 'Candijay', 15, '0000-00-00 00:00:00.000000', '0000-00-00 00:00:00.000000'),
(116, 'Carmen', 15, '0000-00-00 00:00:00.000000', '0000-00-00 00:00:00.000000'),
(117, 'Corella', 15, '0000-00-00 00:00:00.000000', '0000-00-00 00:00:00.000000'),
(118, 'Dauis', 15, '0000-00-00 00:00:00.000000', '0000-00-00 00:00:00.000000'),
(119, 'Getafe', 15, '0000-00-00 00:00:00.000000', '0000-00-00 00:00:00.000000'),
(120, 'Guindulman', 15, '0000-00-00 00:00:00.000000', '0000-00-00 00:00:00.000000'),
(121, 'Inabanga', 15, '0000-00-00 00:00:00.000000', '0000-00-00 00:00:00.000000'),
(122, 'Jagna', 15, '0000-00-00 00:00:00.000000', '0000-00-00 00:00:00.000000'),
(123, 'Maribojoc', 15, '0000-00-00 00:00:00.000000', '0000-00-00 00:00:00.000000'),
(124, 'Panglao', 15, '0000-00-00 00:00:00.000000', '0000-00-00 00:00:00.000000'),
(125, 'Sikatuna', 15, '0000-00-00 00:00:00.000000', '0000-00-00 00:00:00.000000'),
(126, 'Tagbilaran City', 15, '0000-00-00 00:00:00.000000', '0000-00-00 00:00:00.000000'),
(127, 'Talibon', 15, '0000-00-00 00:00:00.000000', '0000-00-00 00:00:00.000000'),
(128, 'Tibigan', 15, '0000-00-00 00:00:00.000000', '0000-00-00 00:00:00.000000'),
(129, 'Trinidad', 15, '0000-00-00 00:00:00.000000', '0000-00-00 00:00:00.000000'),
(130, 'Ubay', 15, '0000-00-00 00:00:00.000000', '0000-00-00 00:00:00.000000'),
(131, 'Cabanglasan', 16, '0000-00-00 00:00:00.000000', '0000-00-00 00:00:00.000000'),
(132, 'Damulog', 16, '0000-00-00 00:00:00.000000', '0000-00-00 00:00:00.000000'),
(133, 'Don Carlos', 16, '0000-00-00 00:00:00.000000', '0000-00-00 00:00:00.000000'),
(134, 'Imbatug', 16, '0000-00-00 00:00:00.000000', '0000-00-00 00:00:00.000000'),
(135, 'Impasugong', 16, '0000-00-00 00:00:00.000000', '0000-00-00 00:00:00.000000'),
(136, 'Kadingilan', 16, '0000-00-00 00:00:00.000000', '0000-00-00 00:00:00.000000'),
(137, 'Kalilangan', 16, '0000-00-00 00:00:00.000000', '0000-00-00 00:00:00.000000'),
(138, 'Kibawe', 16, '0000-00-00 00:00:00.000000', '0000-00-00 00:00:00.000000'),
(139, 'Kitaotao', 16, '0000-00-00 00:00:00.000000', '0000-00-00 00:00:00.000000'),
(140, 'Lantapan', 16, '0000-00-00 00:00:00.000000', '0000-00-00 00:00:00.000000'),
(141, 'Libona', 16, '0000-00-00 00:00:00.000000', '0000-00-00 00:00:00.000000'),
(142, 'Malaybalay', 16, '0000-00-00 00:00:00.000000', '0000-00-00 00:00:00.000000'),
(143, 'Manolo Fortich', 16, '0000-00-00 00:00:00.000000', '0000-00-00 00:00:00.000000'),
(144, 'Maramag', 16, '0000-00-00 00:00:00.000000', '0000-00-00 00:00:00.000000'),
(145, 'Pangantocan', 16, '0000-00-00 00:00:00.000000', '0000-00-00 00:00:00.000000'),
(146, 'Quezon', 16, '0000-00-00 00:00:00.000000', '0000-00-00 00:00:00.000000'),
(147, 'San Fernando', 16, '0000-00-00 00:00:00.000000', '0000-00-00 00:00:00.000000'),
(148, 'Sumilao', 16, '0000-00-00 00:00:00.000000', '0000-00-00 00:00:00.000000'),
(149, 'Talakag', 16, '0000-00-00 00:00:00.000000', '0000-00-00 00:00:00.000000'),
(150, 'Valencia', 16, '0000-00-00 00:00:00.000000', '0000-00-00 00:00:00.000000'),
(151, 'Angat', 17, '0000-00-00 00:00:00.000000', '0000-00-00 00:00:00.000000'),
(152, 'Balagtas', 17, '0000-00-00 00:00:00.000000', '0000-00-00 00:00:00.000000'),
(153, 'Baliuag', 17, '0000-00-00 00:00:00.000000', '0000-00-00 00:00:00.000000'),
(154, 'Bocaue', 17, '0000-00-00 00:00:00.000000', '0000-00-00 00:00:00.000000'),
(155, 'Bulacan', 17, '0000-00-00 00:00:00.000000', '0000-00-00 00:00:00.000000'),
(156, 'Calumpit', 17, '0000-00-00 00:00:00.000000', '0000-00-00 00:00:00.000000'),
(157, 'Guiguinto', 17, '0000-00-00 00:00:00.000000', '0000-00-00 00:00:00.000000'),
(158, 'Hagonoy', 17, '0000-00-00 00:00:00.000000', '0000-00-00 00:00:00.000000'),
(159, 'Malolos', 17, '0000-00-00 00:00:00.000000', '0000-00-00 00:00:00.000000'),
(160, 'Marilao', 17, '0000-00-00 00:00:00.000000', '0000-00-00 00:00:00.000000'),
(161, 'Meycauayan', 17, '0000-00-00 00:00:00.000000', '0000-00-00 00:00:00.000000'),
(162, 'Norzagaray', 17, '0000-00-00 00:00:00.000000', '0000-00-00 00:00:00.000000'),
(163, 'Obando', 17, '0000-00-00 00:00:00.000000', '0000-00-00 00:00:00.000000'),
(164, 'Pandi', 17, '0000-00-00 00:00:00.000000', '0000-00-00 00:00:00.000000'),
(165, 'Paombong', 17, '0000-00-00 00:00:00.000000', '0000-00-00 00:00:00.000000'),
(166, 'Plaridel', 17, '0000-00-00 00:00:00.000000', '0000-00-00 00:00:00.000000'),
(167, 'Pulilan', 17, '0000-00-00 00:00:00.000000', '0000-00-00 00:00:00.000000'),
(168, 'San Ildefonso', 17, '0000-00-00 00:00:00.000000', '0000-00-00 00:00:00.000000'),
(169, 'San Jose del Monte', 17, '0000-00-00 00:00:00.000000', '0000-00-00 00:00:00.000000'),
(170, 'San Miguel', 17, '0000-00-00 00:00:00.000000', '0000-00-00 00:00:00.000000'),
(171, 'San Rafael', 17, '0000-00-00 00:00:00.000000', '0000-00-00 00:00:00.000000'),
(172, 'Santa Maria', 17, '0000-00-00 00:00:00.000000', '0000-00-00 00:00:00.000000'),
(173, 'Abulug', 18, '0000-00-00 00:00:00.000000', '0000-00-00 00:00:00.000000'),
(174, 'Alcala', 18, '0000-00-00 00:00:00.000000', '0000-00-00 00:00:00.000000'),
(175, 'Allacapan', 18, '0000-00-00 00:00:00.000000', '0000-00-00 00:00:00.000000'),
(176, 'Amulung', 18, '0000-00-00 00:00:00.000000', '0000-00-00 00:00:00.000000'),
(177, 'Aparri', 18, '0000-00-00 00:00:00.000000', '0000-00-00 00:00:00.000000'),
(178, 'Baggao', 18, '0000-00-00 00:00:00.000000', '0000-00-00 00:00:00.000000'),
(179, 'Ballesteros', 18, '0000-00-00 00:00:00.000000', '0000-00-00 00:00:00.000000'),
(180, 'Buguey', 18, '0000-00-00 00:00:00.000000', '0000-00-00 00:00:00.000000'),
(181, 'Claveria', 18, '0000-00-00 00:00:00.000000', '0000-00-00 00:00:00.000000'),
(182, 'Enrile', 18, '0000-00-00 00:00:00.000000', '0000-00-00 00:00:00.000000'),
(183, 'Gattaran', 18, '0000-00-00 00:00:00.000000', '0000-00-00 00:00:00.000000'),
(184, 'Gonzaga', 18, '0000-00-00 00:00:00.000000', '0000-00-00 00:00:00.000000'),
(185, 'Iguig', 18, '0000-00-00 00:00:00.000000', '0000-00-00 00:00:00.000000'),
(186, 'Lal-lo', 18, '0000-00-00 00:00:00.000000', '0000-00-00 00:00:00.000000'),
(187, 'Lasam', 18, '0000-00-00 00:00:00.000000', '0000-00-00 00:00:00.000000'),
(188, 'Peñablanca', 18, '0000-00-00 00:00:00.000000', '0000-00-00 00:00:00.000000'),
(189, 'Santa Ana', 18, '0000-00-00 00:00:00.000000', '0000-00-00 00:00:00.000000'),
(190, 'Solana', 18, '0000-00-00 00:00:00.000000', '0000-00-00 00:00:00.000000'),
(191, 'Tuao', 18, '0000-00-00 00:00:00.000000', '0000-00-00 00:00:00.000000'),
(192, 'Tuguegarao', 18, '0000-00-00 00:00:00.000000', '0000-00-00 00:00:00.000000'),
(193, 'Basud', 19, '0000-00-00 00:00:00.000000', '0000-00-00 00:00:00.000000'),
(194, 'Capalonga', 19, '0000-00-00 00:00:00.000000', '0000-00-00 00:00:00.000000'),
(195, 'Daet', 19, '0000-00-00 00:00:00.000000', '0000-00-00 00:00:00.000000'),
(196, 'Jose Pañganiban', 19, '0000-00-00 00:00:00.000000', '0000-00-00 00:00:00.000000'),
(197, 'Mercedes', 19, '0000-00-00 00:00:00.000000', '0000-00-00 00:00:00.000000'),
(198, 'Paracale', 19, '0000-00-00 00:00:00.000000', '0000-00-00 00:00:00.000000'),
(199, 'Santa Elena', 19, '0000-00-00 00:00:00.000000', '0000-00-00 00:00:00.000000'),
(200, 'Vinzons', 19, '0000-00-00 00:00:00.000000', '0000-00-00 00:00:00.000000'),
(201, 'Baao', 20, '0000-00-00 00:00:00.000000', '0000-00-00 00:00:00.000000'),
(202, 'Balatan', 20, '0000-00-00 00:00:00.000000', '0000-00-00 00:00:00.000000'),
(203, 'Bato', 20, '0000-00-00 00:00:00.000000', '0000-00-00 00:00:00.000000'),
(204, 'Buhi', 20, '0000-00-00 00:00:00.000000', '0000-00-00 00:00:00.000000'),
(205, 'Bula', 20, '0000-00-00 00:00:00.000000', '0000-00-00 00:00:00.000000'),
(206, 'Calabanga', 20, '0000-00-00 00:00:00.000000', '0000-00-00 00:00:00.000000'),
(207, 'Canaman', 20, '0000-00-00 00:00:00.000000', '0000-00-00 00:00:00.000000'),
(208, 'Caramoan', 20, '0000-00-00 00:00:00.000000', '0000-00-00 00:00:00.000000'),
(209, 'Goa', 20, '0000-00-00 00:00:00.000000', '0000-00-00 00:00:00.000000'),
(210, 'Iriga City', 20, '0000-00-00 00:00:00.000000', '0000-00-00 00:00:00.000000'),
(211, 'Lagonoy', 20, '0000-00-00 00:00:00.000000', '0000-00-00 00:00:00.000000'),
(212, 'Libmanan', 20, '0000-00-00 00:00:00.000000', '0000-00-00 00:00:00.000000'),
(213, 'Lupi Viejo', 20, '0000-00-00 00:00:00.000000', '0000-00-00 00:00:00.000000'),
(214, 'Milaor', 20, '0000-00-00 00:00:00.000000', '0000-00-00 00:00:00.000000'),
(215, 'Minalabac', 20, '0000-00-00 00:00:00.000000', '0000-00-00 00:00:00.000000'),
(216, 'Nabua', 20, '0000-00-00 00:00:00.000000', '0000-00-00 00:00:00.000000'),
(217, 'Ocampo', 20, '0000-00-00 00:00:00.000000', '0000-00-00 00:00:00.000000'),
(218, 'Pamplona', 20, '0000-00-00 00:00:00.000000', '0000-00-00 00:00:00.000000'),
(219, 'Pasacao', 20, '0000-00-00 00:00:00.000000', '0000-00-00 00:00:00.000000'),
(220, 'Pili', 20, '0000-00-00 00:00:00.000000', '0000-00-00 00:00:00.000000'),
(221, 'Ragay', 20, '0000-00-00 00:00:00.000000', '0000-00-00 00:00:00.000000'),
(222, 'Sagnay', 20, '0000-00-00 00:00:00.000000', '0000-00-00 00:00:00.000000'),
(223, 'San Fernando', 20, '0000-00-00 00:00:00.000000', '0000-00-00 00:00:00.000000'),
(224, 'San Jose', 20, '0000-00-00 00:00:00.000000', '0000-00-00 00:00:00.000000'),
(225, 'Sipocot', 20, '0000-00-00 00:00:00.000000', '0000-00-00 00:00:00.000000'),
(226, 'Tigaon', 20, '0000-00-00 00:00:00.000000', '0000-00-00 00:00:00.000000'),
(227, 'Tinambac', 20, '0000-00-00 00:00:00.000000', '0000-00-00 00:00:00.000000'),
(228, 'Mambajao', 21, '0000-00-00 00:00:00.000000', '0000-00-00 00:00:00.000000'),
(229, 'Cuartero', 22, '0000-00-00 00:00:00.000000', '0000-00-00 00:00:00.000000'),
(230, 'Dao', 22, '0000-00-00 00:00:00.000000', '0000-00-00 00:00:00.000000'),
(231, 'Dumalag', 22, '0000-00-00 00:00:00.000000', '0000-00-00 00:00:00.000000'),
(232, 'Dumarao', 22, '0000-00-00 00:00:00.000000', '0000-00-00 00:00:00.000000'),
(233, 'Ivisan', 22, '0000-00-00 00:00:00.000000', '0000-00-00 00:00:00.000000'),
(234, 'Jamindan', 22, '0000-00-00 00:00:00.000000', '0000-00-00 00:00:00.000000'),
(235, 'Maayon', 22, '0000-00-00 00:00:00.000000', '0000-00-00 00:00:00.000000'),
(236, 'Mambusao', 22, '0000-00-00 00:00:00.000000', '0000-00-00 00:00:00.000000'),
(237, 'Panay', 22, '0000-00-00 00:00:00.000000', '0000-00-00 00:00:00.000000'),
(238, 'Panitan', 22, '0000-00-00 00:00:00.000000', '0000-00-00 00:00:00.000000'),
(239, 'Pilar', 22, '0000-00-00 00:00:00.000000', '0000-00-00 00:00:00.000000'),
(240, 'Pontevedra', 22, '0000-00-00 00:00:00.000000', '0000-00-00 00:00:00.000000'),
(241, 'President Roxas', 22, '0000-00-00 00:00:00.000000', '0000-00-00 00:00:00.000000'),
(242, 'Roxas City', 22, '0000-00-00 00:00:00.000000', '0000-00-00 00:00:00.000000'),
(243, 'Sigma', 22, '0000-00-00 00:00:00.000000', '0000-00-00 00:00:00.000000'),
(244, 'Tapas', 22, '0000-00-00 00:00:00.000000', '0000-00-00 00:00:00.000000'),
(245, 'Caramoran', 23, '0000-00-00 00:00:00.000000', '0000-00-00 00:00:00.000000'),
(246, 'San Andres', 23, '0000-00-00 00:00:00.000000', '0000-00-00 00:00:00.000000'),
(247, 'Virac', 23, '0000-00-00 00:00:00.000000', '0000-00-00 00:00:00.000000'),
(248, 'Alfonso', 24, '0000-00-00 00:00:00.000000', '0000-00-00 00:00:00.000000'),
(249, 'Amadeo', 24, '0000-00-00 00:00:00.000000', '0000-00-00 00:00:00.000000'),
(250, 'Bacoor', 24, '0000-00-00 00:00:00.000000', '0000-00-00 00:00:00.000000'),
(251, 'Caridad', 24, '0000-00-00 00:00:00.000000', '0000-00-00 00:00:00.000000'),
(252, 'Carmona', 24, '0000-00-00 00:00:00.000000', '0000-00-00 00:00:00.000000'),
(253, 'Cavite City', 24, '0000-00-00 00:00:00.000000', '0000-00-00 00:00:00.000000'),
(254, 'Dasmariñas', 24, '0000-00-00 00:00:00.000000', '0000-00-00 00:00:00.000000'),
(255, 'General Mariano Alvarez', 24, '0000-00-00 00:00:00.000000', '0000-00-00 00:00:00.000000'),
(256, 'General Trias', 24, '0000-00-00 00:00:00.000000', '0000-00-00 00:00:00.000000'),
(257, 'Imus', 24, '0000-00-00 00:00:00.000000', '0000-00-00 00:00:00.000000'),
(258, 'Indang', 24, '0000-00-00 00:00:00.000000', '0000-00-00 00:00:00.000000'),
(259, 'Kawit', 24, '0000-00-00 00:00:00.000000', '0000-00-00 00:00:00.000000'),
(260, 'Maragondon', 24, '0000-00-00 00:00:00.000000', '0000-00-00 00:00:00.000000'),
(261, 'Mendez-Nuñez', 24, '0000-00-00 00:00:00.000000', '0000-00-00 00:00:00.000000'),
(262, 'Naic', 24, '0000-00-00 00:00:00.000000', '0000-00-00 00:00:00.000000'),
(263, 'Noveleta', 24, '0000-00-00 00:00:00.000000', '0000-00-00 00:00:00.000000'),
(264, 'Rosario', 24, '0000-00-00 00:00:00.000000', '0000-00-00 00:00:00.000000'),
(265, 'Silang', 24, '0000-00-00 00:00:00.000000', '0000-00-00 00:00:00.000000'),
(266, 'Tagaytay', 24, '0000-00-00 00:00:00.000000', '0000-00-00 00:00:00.000000'),
(267, 'Tanza', 24, '0000-00-00 00:00:00.000000', '0000-00-00 00:00:00.000000'),
(268, 'Trece Martires City', 24, '0000-00-00 00:00:00.000000', '0000-00-00 00:00:00.000000'),
(269, 'Alcantara', 25, '0000-00-00 00:00:00.000000', '0000-00-00 00:00:00.000000'),
(270, 'Aloguinsan', 25, '0000-00-00 00:00:00.000000', '0000-00-00 00:00:00.000000'),
(271, 'Argao', 25, '0000-00-00 00:00:00.000000', '0000-00-00 00:00:00.000000'),
(272, 'Asturias', 25, '0000-00-00 00:00:00.000000', '0000-00-00 00:00:00.000000'),
(273, 'Badian', 25, '0000-00-00 00:00:00.000000', '0000-00-00 00:00:00.000000'),
(274, 'Balamban', 25, '0000-00-00 00:00:00.000000', '0000-00-00 00:00:00.000000'),
(275, 'Bantayan', 25, '0000-00-00 00:00:00.000000', '0000-00-00 00:00:00.000000'),
(276, 'Barili', 25, '0000-00-00 00:00:00.000000', '0000-00-00 00:00:00.000000'),
(277, 'Bogo', 25, '0000-00-00 00:00:00.000000', '0000-00-00 00:00:00.000000'),
(278, 'Borbon', 25, '0000-00-00 00:00:00.000000', '0000-00-00 00:00:00.000000'),
(279, 'Carcar', 25, '0000-00-00 00:00:00.000000', '0000-00-00 00:00:00.000000'),
(280, 'Catmon', 25, '0000-00-00 00:00:00.000000', '0000-00-00 00:00:00.000000'),
(281, 'Cebu City', 25, '0000-00-00 00:00:00.000000', '0000-00-00 00:00:00.000000'),
(282, 'Cogan', 25, '0000-00-00 00:00:00.000000', '0000-00-00 00:00:00.000000'),
(283, 'Consolacion', 25, '0000-00-00 00:00:00.000000', '0000-00-00 00:00:00.000000'),
(284, 'Daanbantayan', 25, '0000-00-00 00:00:00.000000', '0000-00-00 00:00:00.000000'),
(285, 'Dalaguete', 25, '0000-00-00 00:00:00.000000', '0000-00-00 00:00:00.000000'),
(286, 'Danao', 25, '0000-00-00 00:00:00.000000', '0000-00-00 00:00:00.000000'),
(287, 'Dumanjog', 25, '0000-00-00 00:00:00.000000', '0000-00-00 00:00:00.000000'),
(288, 'Madridejos', 25, '0000-00-00 00:00:00.000000', '0000-00-00 00:00:00.000000'),
(289, 'Madridejos', 25, '0000-00-00 00:00:00.000000', '0000-00-00 00:00:00.000000'),
(290, 'Medellin', 25, '0000-00-00 00:00:00.000000', '0000-00-00 00:00:00.000000'),
(291, 'Minglanilla', 25, '0000-00-00 00:00:00.000000', '0000-00-00 00:00:00.000000'),
(292, 'Moalboal', 25, '0000-00-00 00:00:00.000000', '0000-00-00 00:00:00.000000'),
(293, 'Naga', 25, '0000-00-00 00:00:00.000000', '0000-00-00 00:00:00.000000'),
(294, 'Oslob', 25, '0000-00-00 00:00:00.000000', '0000-00-00 00:00:00.000000'),
(295, 'Pinamungahan', 25, '0000-00-00 00:00:00.000000', '0000-00-00 00:00:00.000000'),
(296, 'Poblacion', 25, '0000-00-00 00:00:00.000000', '0000-00-00 00:00:00.000000'),
(297, 'San Fernando', 25, '0000-00-00 00:00:00.000000', '0000-00-00 00:00:00.000000'),
(298, 'San Francisco', 25, '0000-00-00 00:00:00.000000', '0000-00-00 00:00:00.000000'),
(299, 'San Remigio', 25, '0000-00-00 00:00:00.000000', '0000-00-00 00:00:00.000000'),
(300, 'Santa Fe', 25, '0000-00-00 00:00:00.000000', '0000-00-00 00:00:00.000000'),
(301, 'Sibonga', 25, '0000-00-00 00:00:00.000000', '0000-00-00 00:00:00.000000'),
(302, 'Sogod', 25, '0000-00-00 00:00:00.000000', '0000-00-00 00:00:00.000000'),
(303, 'Tabogon', 25, '0000-00-00 00:00:00.000000', '0000-00-00 00:00:00.000000'),
(304, 'Talisay', 25, '0000-00-00 00:00:00.000000', '0000-00-00 00:00:00.000000'),
(305, 'Toledo', 25, '0000-00-00 00:00:00.000000', '0000-00-00 00:00:00.000000'),
(306, 'Tuburan', 25, '0000-00-00 00:00:00.000000', '0000-00-00 00:00:00.000000'),
(307, 'Bantacan', 26, '0000-00-00 00:00:00.000000', '0000-00-00 00:00:00.000000'),
(308, 'Compostela', 26, '0000-00-00 00:00:00.000000', '0000-00-00 00:00:00.000000'),
(309, 'Guambog', 26, '0000-00-00 00:00:00.000000', '0000-00-00 00:00:00.000000'),
(310, 'Maco', 26, '0000-00-00 00:00:00.000000', '0000-00-00 00:00:00.000000'),
(311, 'Monkayo', 26, '0000-00-00 00:00:00.000000', '0000-00-00 00:00:00.000000'),
(312, 'Montevista', 26, '0000-00-00 00:00:00.000000', '0000-00-00 00:00:00.000000'),
(313, 'Nabunturan', 26, '0000-00-00 00:00:00.000000', '0000-00-00 00:00:00.000000'),
(314, 'Poblacion', 26, '0000-00-00 00:00:00.000000', '0000-00-00 00:00:00.000000'),
(315, 'Pongotan', 26, '0000-00-00 00:00:00.000000', '0000-00-00 00:00:00.000000'),
(316, 'Alamada', 27, '0000-00-00 00:00:00.000000', '0000-00-00 00:00:00.000000'),
(317, 'Banisilan', 27, '0000-00-00 00:00:00.000000', '0000-00-00 00:00:00.000000'),
(318, 'Carmen', 27, '0000-00-00 00:00:00.000000', '0000-00-00 00:00:00.000000'),
(319, 'Cotabato', 27, '0000-00-00 00:00:00.000000', '0000-00-00 00:00:00.000000'),
(320, 'Kabacan', 27, '0000-00-00 00:00:00.000000', '0000-00-00 00:00:00.000000'),
(321, 'Kidapawan', 27, '0000-00-00 00:00:00.000000', '0000-00-00 00:00:00.000000'),
(322, 'Libungan', 27, '0000-00-00 00:00:00.000000', '0000-00-00 00:00:00.000000'),
(323, 'M’lang', 27, '0000-00-00 00:00:00.000000', '0000-00-00 00:00:00.000000'),
(324, 'Magpet', 27, '0000-00-00 00:00:00.000000', '0000-00-00 00:00:00.000000'),
(325, 'Makilala', 27, '0000-00-00 00:00:00.000000', '0000-00-00 00:00:00.000000'),
(326, 'Matalam', 27, '0000-00-00 00:00:00.000000', '0000-00-00 00:00:00.000000'),
(327, 'Midsayap', 27, '0000-00-00 00:00:00.000000', '0000-00-00 00:00:00.000000'),
(328, 'Pigcawayan', 27, '0000-00-00 00:00:00.000000', '0000-00-00 00:00:00.000000'),
(329, 'Pikit', 27, '0000-00-00 00:00:00.000000', '0000-00-00 00:00:00.000000'),
(330, 'President Roxas', 27, '0000-00-00 00:00:00.000000', '0000-00-00 00:00:00.000000'),
(331, 'Tulunan', 27, '0000-00-00 00:00:00.000000', '0000-00-00 00:00:00.000000'),
(332, 'Cambanugoy', 28, '0000-00-00 00:00:00.000000', '0000-00-00 00:00:00.000000'),
(333, 'Carmen', 28, '0000-00-00 00:00:00.000000', '0000-00-00 00:00:00.000000'),
(334, 'Kapalong', 28, '0000-00-00 00:00:00.000000', '0000-00-00 00:00:00.000000'),
(335, 'New Corella', 28, '0000-00-00 00:00:00.000000', '0000-00-00 00:00:00.000000'),
(336, 'Panabo', 28, '0000-00-00 00:00:00.000000', '0000-00-00 00:00:00.000000'),
(337, 'Samal', 28, '0000-00-00 00:00:00.000000', '0000-00-00 00:00:00.000000'),
(338, 'Santo Tomas', 28, '0000-00-00 00:00:00.000000', '0000-00-00 00:00:00.000000'),
(339, 'Tagum', 28, '0000-00-00 00:00:00.000000', '0000-00-00 00:00:00.000000'),
(340, 'Bansalan', 29, '0000-00-00 00:00:00.000000', '0000-00-00 00:00:00.000000'),
(341, 'Davao City', 29, '0000-00-00 00:00:00.000000', '0000-00-00 00:00:00.000000'),
(342, 'Digos', 29, '0000-00-00 00:00:00.000000', '0000-00-00 00:00:00.000000'),
(343, 'Hagonoy', 29, '0000-00-00 00:00:00.000000', '0000-00-00 00:00:00.000000'),
(344, 'Kiblawan', 29, '0000-00-00 00:00:00.000000', '0000-00-00 00:00:00.000000'),
(345, 'Magsaysay', 29, '0000-00-00 00:00:00.000000', '0000-00-00 00:00:00.000000'),
(346, 'Malalag', 29, '0000-00-00 00:00:00.000000', '0000-00-00 00:00:00.000000'),
(347, 'Matanao', 29, '0000-00-00 00:00:00.000000', '0000-00-00 00:00:00.000000'),
(348, 'Santa Cruz', 29, '0000-00-00 00:00:00.000000', '0000-00-00 00:00:00.000000'),
(349, 'Santa Maria', 29, '0000-00-00 00:00:00.000000', '0000-00-00 00:00:00.000000'),
(350, 'Sulop', 29, '0000-00-00 00:00:00.000000', '0000-00-00 00:00:00.000000'),
(351, 'Jose Abad Santos', 30, '0000-00-00 00:00:00.000000', '0000-00-00 00:00:00.000000'),
(352, 'Malita', 30, '0000-00-00 00:00:00.000000', '0000-00-00 00:00:00.000000'),
(353, 'Talagutong', 30, '0000-00-00 00:00:00.000000', '0000-00-00 00:00:00.000000'),
(354, 'Baganga', 31, '0000-00-00 00:00:00.000000', '0000-00-00 00:00:00.000000'),
(355, 'Banaybanay', 31, '0000-00-00 00:00:00.000000', '0000-00-00 00:00:00.000000'),
(356, 'Batobato', 31, '0000-00-00 00:00:00.000000', '0000-00-00 00:00:00.000000'),
(357, 'Caraga', 31, '0000-00-00 00:00:00.000000', '0000-00-00 00:00:00.000000'),
(358, 'Cateel', 31, '0000-00-00 00:00:00.000000', '0000-00-00 00:00:00.000000'),
(359, 'Lupon', 31, '0000-00-00 00:00:00.000000', '0000-00-00 00:00:00.000000'),
(360, 'Manay', 31, '0000-00-00 00:00:00.000000', '0000-00-00 00:00:00.000000'),
(361, 'Mati', 31, '0000-00-00 00:00:00.000000', '0000-00-00 00:00:00.000000'),
(362, 'Sigaboy', 31, '0000-00-00 00:00:00.000000', '0000-00-00 00:00:00.000000'),
(363, 'San Jose', 32, '0000-00-00 00:00:00.000000', '0000-00-00 00:00:00.000000'),
(364, 'Borongan', 33, '0000-00-00 00:00:00.000000', '0000-00-00 00:00:00.000000'),
(365, 'Dolores', 33, '0000-00-00 00:00:00.000000', '0000-00-00 00:00:00.000000'),
(366, 'Guiuan', 33, '0000-00-00 00:00:00.000000', '0000-00-00 00:00:00.000000'),
(367, 'Oras', 33, '0000-00-00 00:00:00.000000', '0000-00-00 00:00:00.000000'),
(368, 'Jordan', 34, '0000-00-00 00:00:00.000000', '0000-00-00 00:00:00.000000'),
(369, 'Nueva Valencia', 34, '0000-00-00 00:00:00.000000', '0000-00-00 00:00:00.000000'),
(370, 'Lagawe', 35, '0000-00-00 00:00:00.000000', '0000-00-00 00:00:00.000000'),
(371, 'Bacarra', 36, '0000-00-00 00:00:00.000000', '0000-00-00 00:00:00.000000'),
(372, 'Badoc', 36, '0000-00-00 00:00:00.000000', '0000-00-00 00:00:00.000000'),
(373, 'Batac', 36, '0000-00-00 00:00:00.000000', '0000-00-00 00:00:00.000000'),
(374, 'Dingras', 36, '0000-00-00 00:00:00.000000', '0000-00-00 00:00:00.000000'),
(375, 'Laoag', 36, '0000-00-00 00:00:00.000000', '0000-00-00 00:00:00.000000'),
(376, 'Pasuquin', 36, '0000-00-00 00:00:00.000000', '0000-00-00 00:00:00.000000'),
(377, 'San Nicolas', 36, '0000-00-00 00:00:00.000000', '0000-00-00 00:00:00.000000'),
(378, 'Vintar', 36, '0000-00-00 00:00:00.000000', '0000-00-00 00:00:00.000000'),
(379, 'Bantay', 37, '0000-00-00 00:00:00.000000', '0000-00-00 00:00:00.000000'),
(380, 'Cabugao', 37, '0000-00-00 00:00:00.000000', '0000-00-00 00:00:00.000000'),
(381, 'Candon', 37, '0000-00-00 00:00:00.000000', '0000-00-00 00:00:00.000000'),
(382, 'Magsingal', 37, '0000-00-00 00:00:00.000000', '0000-00-00 00:00:00.000000'),
(383, 'Narvacan', 37, '0000-00-00 00:00:00.000000', '0000-00-00 00:00:00.000000'),
(384, 'Santa Cruz', 37, '0000-00-00 00:00:00.000000', '0000-00-00 00:00:00.000000'),
(385, 'Santa Maria', 37, '0000-00-00 00:00:00.000000', '0000-00-00 00:00:00.000000'),
(386, 'Santo Domingo', 37, '0000-00-00 00:00:00.000000', '0000-00-00 00:00:00.000000'),
(387, 'Tagudin', 37, '0000-00-00 00:00:00.000000', '0000-00-00 00:00:00.000000'),
(388, 'Vigan', 37, '0000-00-00 00:00:00.000000', '0000-00-00 00:00:00.000000'),
(389, 'Ajuy', 38, '0000-00-00 00:00:00.000000', '0000-00-00 00:00:00.000000'),
(390, 'Alimodian', 38, '0000-00-00 00:00:00.000000', '0000-00-00 00:00:00.000000'),
(391, 'Anilao', 38, '0000-00-00 00:00:00.000000', '0000-00-00 00:00:00.000000'),
(392, 'Balasan', 38, '0000-00-00 00:00:00.000000', '0000-00-00 00:00:00.000000'),
(393, 'Banate', 38, '0000-00-00 00:00:00.000000', '0000-00-00 00:00:00.000000'),
(394, 'Barotac Nuevo', 38, '0000-00-00 00:00:00.000000', '0000-00-00 00:00:00.000000'),
(395, 'Barotac Viejo', 38, '0000-00-00 00:00:00.000000', '0000-00-00 00:00:00.000000'),
(396, 'Buenavista', 38, '0000-00-00 00:00:00.000000', '0000-00-00 00:00:00.000000'),
(397, 'Cabatuan', 38, '0000-00-00 00:00:00.000000', '0000-00-00 00:00:00.000000'),
(398, 'Calinog', 38, '0000-00-00 00:00:00.000000', '0000-00-00 00:00:00.000000'),
(399, 'Carles', 38, '0000-00-00 00:00:00.000000', '0000-00-00 00:00:00.000000'),
(400, 'Concepcion', 38, '0000-00-00 00:00:00.000000', '0000-00-00 00:00:00.000000'),
(401, 'Dingle', 38, '0000-00-00 00:00:00.000000', '0000-00-00 00:00:00.000000'),
(402, 'Dueñas', 38, '0000-00-00 00:00:00.000000', '0000-00-00 00:00:00.000000'),
(403, 'Dumangas', 38, '0000-00-00 00:00:00.000000', '0000-00-00 00:00:00.000000'),
(404, 'Estancia', 38, '0000-00-00 00:00:00.000000', '0000-00-00 00:00:00.000000'),
(405, 'Guimbal', 38, '0000-00-00 00:00:00.000000', '0000-00-00 00:00:00.000000'),
(406, 'Igbaras', 38, '0000-00-00 00:00:00.000000', '0000-00-00 00:00:00.000000'),
(407, 'Iloilo', 38, '0000-00-00 00:00:00.000000', '0000-00-00 00:00:00.000000'),
(408, 'Janiuay', 38, '0000-00-00 00:00:00.000000', '0000-00-00 00:00:00.000000'),
(409, 'Lambunao', 38, '0000-00-00 00:00:00.000000', '0000-00-00 00:00:00.000000'),
(410, 'Leganes', 38, '0000-00-00 00:00:00.000000', '0000-00-00 00:00:00.000000'),
(411, 'Lemery', 38, '0000-00-00 00:00:00.000000', '0000-00-00 00:00:00.000000'),
(412, 'Leon', 38, '0000-00-00 00:00:00.000000', '0000-00-00 00:00:00.000000'),
(413, 'Maasin', 38, '0000-00-00 00:00:00.000000', '0000-00-00 00:00:00.000000'),
(414, 'Miagao', 38, '0000-00-00 00:00:00.000000', '0000-00-00 00:00:00.000000'),
(415, 'Oton', 38, '0000-00-00 00:00:00.000000', '0000-00-00 00:00:00.000000'),
(416, 'Passi', 38, '0000-00-00 00:00:00.000000', '0000-00-00 00:00:00.000000'),
(417, 'Pavia', 38, '0000-00-00 00:00:00.000000', '0000-00-00 00:00:00.000000'),
(418, 'Pototan', 38, '0000-00-00 00:00:00.000000', '0000-00-00 00:00:00.000000'),
(419, 'San Dionisio', 38, '0000-00-00 00:00:00.000000', '0000-00-00 00:00:00.000000'),
(420, 'San Enrique', 38, '0000-00-00 00:00:00.000000', '0000-00-00 00:00:00.000000'),
(421, 'San Joaquin', 38, '0000-00-00 00:00:00.000000', '0000-00-00 00:00:00.000000'),
(422, 'San Miguel', 38, '0000-00-00 00:00:00.000000', '0000-00-00 00:00:00.000000'),
(423, 'Santa Barbara', 38, '0000-00-00 00:00:00.000000', '0000-00-00 00:00:00.000000'),
(424, 'Tigbauan', 38, '0000-00-00 00:00:00.000000', '0000-00-00 00:00:00.000000'),
(425, 'Alicia', 39, '0000-00-00 00:00:00.000000', '0000-00-00 00:00:00.000000'),
(426, 'Angadanan', 39, '0000-00-00 00:00:00.000000', '0000-00-00 00:00:00.000000'),
(427, 'Aurora', 39, '0000-00-00 00:00:00.000000', '0000-00-00 00:00:00.000000'),
(428, 'Benito Soliven', 39, '0000-00-00 00:00:00.000000', '0000-00-00 00:00:00.000000'),
(429, 'Cabagan', 39, '0000-00-00 00:00:00.000000', '0000-00-00 00:00:00.000000'),
(430, 'Cabatuan', 39, '0000-00-00 00:00:00.000000', '0000-00-00 00:00:00.000000'),
(431, 'Calabayan', 39, '0000-00-00 00:00:00.000000', '0000-00-00 00:00:00.000000'),
(432, 'Cordon', 39, '0000-00-00 00:00:00.000000', '0000-00-00 00:00:00.000000'),
(433, 'Echague', 39, '0000-00-00 00:00:00.000000', '0000-00-00 00:00:00.000000'),
(434, 'Gamu', 39, '0000-00-00 00:00:00.000000', '0000-00-00 00:00:00.000000'),
(435, 'Ilagan', 39, '0000-00-00 00:00:00.000000', '0000-00-00 00:00:00.000000'),
(436, 'Jones', 39, '0000-00-00 00:00:00.000000', '0000-00-00 00:00:00.000000'),
(437, 'Mallig', 39, '0000-00-00 00:00:00.000000', '0000-00-00 00:00:00.000000'),
(438, 'Naguilian', 39, '0000-00-00 00:00:00.000000', '0000-00-00 00:00:00.000000'),
(439, 'Ramon', 39, '0000-00-00 00:00:00.000000', '0000-00-00 00:00:00.000000'),
(440, 'Roxas', 39, '0000-00-00 00:00:00.000000', '0000-00-00 00:00:00.000000'),
(441, 'San Manuel', 39, '0000-00-00 00:00:00.000000', '0000-00-00 00:00:00.000000'),
(442, 'San Mariano', 39, '0000-00-00 00:00:00.000000', '0000-00-00 00:00:00.000000'),
(443, 'San Mateo', 39, '0000-00-00 00:00:00.000000', '0000-00-00 00:00:00.000000'),
(444, 'Tumauini', 39, '0000-00-00 00:00:00.000000', '0000-00-00 00:00:00.000000'),
(445, 'Pinukpuk', 40, '0000-00-00 00:00:00.000000', '0000-00-00 00:00:00.000000'),
(446, 'Tabuk', 40, '0000-00-00 00:00:00.000000', '0000-00-00 00:00:00.000000'),
(447, 'Agoo', 41, '0000-00-00 00:00:00.000000', '0000-00-00 00:00:00.000000'),
(448, 'Aringay', 41, '0000-00-00 00:00:00.000000', '0000-00-00 00:00:00.000000'),
(449, 'Bacnotan', 41, '0000-00-00 00:00:00.000000', '0000-00-00 00:00:00.000000'),
(450, 'Balaoan', 41, '0000-00-00 00:00:00.000000', '0000-00-00 00:00:00.000000'),
(451, 'Bangar', 41, '0000-00-00 00:00:00.000000', '0000-00-00 00:00:00.000000'),
(452, 'Bauang', 41, '0000-00-00 00:00:00.000000', '0000-00-00 00:00:00.000000'),
(453, 'Luna', 41, '0000-00-00 00:00:00.000000', '0000-00-00 00:00:00.000000'),
(454, 'Naguilian', 41, '0000-00-00 00:00:00.000000', '0000-00-00 00:00:00.000000'),
(455, 'Rosario', 41, '0000-00-00 00:00:00.000000', '0000-00-00 00:00:00.000000'),
(456, 'San Fabian', 41, '0000-00-00 00:00:00.000000', '0000-00-00 00:00:00.000000'),
(457, 'San Fernando', 41, '0000-00-00 00:00:00.000000', '0000-00-00 00:00:00.000000'),
(458, 'San Juan', 41, '0000-00-00 00:00:00.000000', '0000-00-00 00:00:00.000000'),
(459, 'Santo Tomas', 41, '0000-00-00 00:00:00.000000', '0000-00-00 00:00:00.000000'),
(460, 'Tubao', 41, '0000-00-00 00:00:00.000000', '0000-00-00 00:00:00.000000'),
(461, 'Alaminos', 42, '0000-00-00 00:00:00.000000', '0000-00-00 00:00:00.000000'),
(462, 'Bay', 42, '0000-00-00 00:00:00.000000', '0000-00-00 00:00:00.000000'),
(463, 'Biñan', 42, '0000-00-00 00:00:00.000000', '0000-00-00 00:00:00.000000'),
(464, 'Cabuyao', 42, '0000-00-00 00:00:00.000000', '0000-00-00 00:00:00.000000'),
(465, 'Calauan', 42, '0000-00-00 00:00:00.000000', '0000-00-00 00:00:00.000000'),
(466, 'City of Calamba', 42, '0000-00-00 00:00:00.000000', '0000-00-00 00:00:00.000000'),
(467, 'Lilio', 42, '0000-00-00 00:00:00.000000', '0000-00-00 00:00:00.000000'),
(468, 'Los Baños', 42, '0000-00-00 00:00:00.000000', '0000-00-00 00:00:00.000000'),
(469, 'Lumbang', 42, '0000-00-00 00:00:00.000000', '0000-00-00 00:00:00.000000'),
(470, 'Majayjay', 42, '0000-00-00 00:00:00.000000', '0000-00-00 00:00:00.000000'),
(471, 'Nagcarlan', 42, '0000-00-00 00:00:00.000000', '0000-00-00 00:00:00.000000'),
(472, 'Pagsanjan', 42, '0000-00-00 00:00:00.000000', '0000-00-00 00:00:00.000000'),
(473, 'Pateros', 42, '0000-00-00 00:00:00.000000', '0000-00-00 00:00:00.000000'),
(474, 'Pila', 42, '0000-00-00 00:00:00.000000', '0000-00-00 00:00:00.000000'),
(475, 'San Pablo', 42, '0000-00-00 00:00:00.000000', '0000-00-00 00:00:00.000000'),
(476, 'San Pedro', 42, '0000-00-00 00:00:00.000000', '0000-00-00 00:00:00.000000'),
(477, 'Santa Cruz', 42, '0000-00-00 00:00:00.000000', '0000-00-00 00:00:00.000000'),
(478, 'Santa Maria', 42, '0000-00-00 00:00:00.000000', '0000-00-00 00:00:00.000000'),
(479, 'Santa Rosa', 42, '0000-00-00 00:00:00.000000', '0000-00-00 00:00:00.000000'),
(480, 'Siniloan', 42, '0000-00-00 00:00:00.000000', '0000-00-00 00:00:00.000000'),
(481, 'Victoria', 42, '0000-00-00 00:00:00.000000', '0000-00-00 00:00:00.000000'),
(482, 'Balimbing', 43, '0000-00-00 00:00:00.000000', '0000-00-00 00:00:00.000000'),
(483, 'Kapatagan', 43, '0000-00-00 00:00:00.000000', '0000-00-00 00:00:00.000000'),
(484, 'Lala', 43, '0000-00-00 00:00:00.000000', '0000-00-00 00:00:00.000000'),
(485, 'Mamungan', 43, '0000-00-00 00:00:00.000000', '0000-00-00 00:00:00.000000'),
(486, 'Munai', 43, '0000-00-00 00:00:00.000000', '0000-00-00 00:00:00.000000'),
(487, 'Pantao-Ragat', 43, '0000-00-00 00:00:00.000000', '0000-00-00 00:00:00.000000'),
(488, 'Tubod', 43, '0000-00-00 00:00:00.000000', '0000-00-00 00:00:00.000000'),
(489, 'Balindong', 44, '0000-00-00 00:00:00.000000', '0000-00-00 00:00:00.000000'),
(490, 'Lumba-a-Bayabao', 44, '0000-00-00 00:00:00.000000', '0000-00-00 00:00:00.000000'),
(491, 'Malabang', 44, '0000-00-00 00:00:00.000000', '0000-00-00 00:00:00.000000'),
(492, 'Marantao', 44, '0000-00-00 00:00:00.000000', '0000-00-00 00:00:00.000000'),
(493, 'Marawi City', 44, '0000-00-00 00:00:00.000000', '0000-00-00 00:00:00.000000'),
(494, 'Masiu', 44, '0000-00-00 00:00:00.000000', '0000-00-00 00:00:00.000000'),
(495, 'Wao', 44, '0000-00-00 00:00:00.000000', '0000-00-00 00:00:00.000000'),
(496, 'Abuyog', 45, '0000-00-00 00:00:00.000000', '0000-00-00 00:00:00.000000'),
(497, 'Alangalang', 45, '0000-00-00 00:00:00.000000', '0000-00-00 00:00:00.000000'),
(498, 'Albuera', 45, '0000-00-00 00:00:00.000000', '0000-00-00 00:00:00.000000'),
(499, 'Babatngon', 45, '0000-00-00 00:00:00.000000', '0000-00-00 00:00:00.000000'),
(500, 'Barugo', 45, '0000-00-00 00:00:00.000000', '0000-00-00 00:00:00.000000'),
(501, 'Baybay', 45, '0000-00-00 00:00:00.000000', '0000-00-00 00:00:00.000000'),
(502, 'Burauen', 45, '0000-00-00 00:00:00.000000', '0000-00-00 00:00:00.000000'),
(503, 'Calubian', 45, '0000-00-00 00:00:00.000000', '0000-00-00 00:00:00.000000'),
(504, 'Capoocan', 45, '0000-00-00 00:00:00.000000', '0000-00-00 00:00:00.000000'),
(505, 'Carigara', 45, '0000-00-00 00:00:00.000000', '0000-00-00 00:00:00.000000'),
(506, 'Dagami', 45, '0000-00-00 00:00:00.000000', '0000-00-00 00:00:00.000000'),
(507, 'Dulag', 45, '0000-00-00 00:00:00.000000', '0000-00-00 00:00:00.000000'),
(508, 'Hilongos', 45, '0000-00-00 00:00:00.000000', '0000-00-00 00:00:00.000000'),
(509, 'Isabel', 45, '0000-00-00 00:00:00.000000', '0000-00-00 00:00:00.000000'),
(510, 'Jaro', 45, '0000-00-00 00:00:00.000000', '0000-00-00 00:00:00.000000'),
(511, 'Kananya', 45, '0000-00-00 00:00:00.000000', '0000-00-00 00:00:00.000000'),
(512, 'Leyte', 45, '0000-00-00 00:00:00.000000', '0000-00-00 00:00:00.000000'),
(513, 'Mahaplag', 45, '0000-00-00 00:00:00.000000', '0000-00-00 00:00:00.000000'),
(514, 'Matalom', 45, '0000-00-00 00:00:00.000000', '0000-00-00 00:00:00.000000'),
(515, 'Merida', 45, '0000-00-00 00:00:00.000000', '0000-00-00 00:00:00.000000'),
(516, 'Palompon', 45, '0000-00-00 00:00:00.000000', '0000-00-00 00:00:00.000000'),
(517, 'San Isidro', 45, '0000-00-00 00:00:00.000000', '0000-00-00 00:00:00.000000'),
(518, 'Tabango', 45, '0000-00-00 00:00:00.000000', '0000-00-00 00:00:00.000000'),
(519, 'Tanauan', 45, '0000-00-00 00:00:00.000000', '0000-00-00 00:00:00.000000'),
(520, 'Villaba', 45, '0000-00-00 00:00:00.000000', '0000-00-00 00:00:00.000000'),
(521, 'Bagumbayan', 46, '0000-00-00 00:00:00.000000', '0000-00-00 00:00:00.000000'),
(522, 'Barira', 46, '0000-00-00 00:00:00.000000', '0000-00-00 00:00:00.000000'),
(523, 'Buldon', 46, '0000-00-00 00:00:00.000000', '0000-00-00 00:00:00.000000'),
(524, 'Buluan', 46, '0000-00-00 00:00:00.000000', '0000-00-00 00:00:00.000000'),
(525, 'Datu Paglas', 46, '0000-00-00 00:00:00.000000', '0000-00-00 00:00:00.000000'),
(526, 'Lutayan', 46, '0000-00-00 00:00:00.000000', '0000-00-00 00:00:00.000000'),
(527, 'Matanog', 46, '0000-00-00 00:00:00.000000', '0000-00-00 00:00:00.000000'),
(528, 'Pagalungan', 46, '0000-00-00 00:00:00.000000', '0000-00-00 00:00:00.000000'),
(529, 'Parang', 46, '0000-00-00 00:00:00.000000', '0000-00-00 00:00:00.000000'),
(530, 'Shariff Aguak', 46, '0000-00-00 00:00:00.000000', '0000-00-00 00:00:00.000000'),
(531, 'South Upi', 46, '0000-00-00 00:00:00.000000', '0000-00-00 00:00:00.000000'),
(532, 'Sultan Kudarat', 46, '0000-00-00 00:00:00.000000', '0000-00-00 00:00:00.000000'),
(533, 'Talayan', 46, '0000-00-00 00:00:00.000000', '0000-00-00 00:00:00.000000'),
(534, 'Upi', 46, '0000-00-00 00:00:00.000000', '0000-00-00 00:00:00.000000'),
(535, 'Mandaue City', 47, '0000-00-00 00:00:00.000000', '0000-00-00 00:00:00.000000'),
(536, 'Boac', 48, '0000-00-00 00:00:00.000000', '0000-00-00 00:00:00.000000'),
(537, 'Gasan', 48, '0000-00-00 00:00:00.000000', '0000-00-00 00:00:00.000000'),
(538, 'Mogpog', 48, '0000-00-00 00:00:00.000000', '0000-00-00 00:00:00.000000'),
(539, 'Santa Cruz', 48, '0000-00-00 00:00:00.000000', '0000-00-00 00:00:00.000000'),
(540, 'Torrijos', 48, '0000-00-00 00:00:00.000000', '0000-00-00 00:00:00.000000'),
(541, 'Aroroy', 49, '0000-00-00 00:00:00.000000', '0000-00-00 00:00:00.000000'),
(542, 'Balud', 49, '0000-00-00 00:00:00.000000', '0000-00-00 00:00:00.000000'),
(543, 'Cataingan', 49, '0000-00-00 00:00:00.000000', '0000-00-00 00:00:00.000000'),
(544, 'Cawayan', 49, '0000-00-00 00:00:00.000000', '0000-00-00 00:00:00.000000'),
(545, 'Claveria', 49, '0000-00-00 00:00:00.000000', '0000-00-00 00:00:00.000000'),
(546, 'Mandaon', 49, '0000-00-00 00:00:00.000000', '0000-00-00 00:00:00.000000'),
(547, 'Masbate', 49, '0000-00-00 00:00:00.000000', '0000-00-00 00:00:00.000000'),
(548, 'Milagros', 49, '0000-00-00 00:00:00.000000', '0000-00-00 00:00:00.000000'),
(549, 'Mobo', 49, '0000-00-00 00:00:00.000000', '0000-00-00 00:00:00.000000'),
(550, 'Placer', 49, '0000-00-00 00:00:00.000000', '0000-00-00 00:00:00.000000'),
(551, 'San Jacinto', 49, '0000-00-00 00:00:00.000000', '0000-00-00 00:00:00.000000'),
(552, 'San Pascual', 49, '0000-00-00 00:00:00.000000', '0000-00-00 00:00:00.000000'),
(553, 'Uson', 49, '0000-00-00 00:00:00.000000', '0000-00-00 00:00:00.000000'),
(554, 'Aloran', 50, '0000-00-00 00:00:00.000000', '0000-00-00 00:00:00.000000'),
(555, 'Bonifacio', 50, '0000-00-00 00:00:00.000000', '0000-00-00 00:00:00.000000'),
(556, 'Clarin', 50, '0000-00-00 00:00:00.000000', '0000-00-00 00:00:00.000000'),
(557, 'Jimenez', 50, '0000-00-00 00:00:00.000000', '0000-00-00 00:00:00.000000'),
(558, 'Oroquieta', 50, '0000-00-00 00:00:00.000000', '0000-00-00 00:00:00.000000'),
(559, 'Ozamiz City', 50, '0000-00-00 00:00:00.000000', '0000-00-00 00:00:00.000000'),
(560, 'Plaridel', 50, '0000-00-00 00:00:00.000000', '0000-00-00 00:00:00.000000'),
(561, 'Tangub', 50, '0000-00-00 00:00:00.000000', '0000-00-00 00:00:00.000000'),
(562, 'Tudela', 50, '0000-00-00 00:00:00.000000', '0000-00-00 00:00:00.000000'),
(563, 'Alubijid', 51, '0000-00-00 00:00:00.000000', '0000-00-00 00:00:00.000000'),
(564, 'Balingasag', 51, '0000-00-00 00:00:00.000000', '0000-00-00 00:00:00.000000'),
(565, 'Claveria', 51, '0000-00-00 00:00:00.000000', '0000-00-00 00:00:00.000000'),
(566, 'El Salvador', 51, '0000-00-00 00:00:00.000000', '0000-00-00 00:00:00.000000'),
(567, 'Gingoog', 51, '0000-00-00 00:00:00.000000', '0000-00-00 00:00:00.000000'),
(568, 'Initao', 51, '0000-00-00 00:00:00.000000', '0000-00-00 00:00:00.000000'),
(569, 'Jasaan', 51, '0000-00-00 00:00:00.000000', '0000-00-00 00:00:00.000000'),
(570, 'Magsaysay', 51, '0000-00-00 00:00:00.000000', '0000-00-00 00:00:00.000000'),
(571, 'Manticao', 51, '0000-00-00 00:00:00.000000', '0000-00-00 00:00:00.000000'),
(572, 'Medina', 51, '0000-00-00 00:00:00.000000', '0000-00-00 00:00:00.000000'),
(573, 'Opol', 51, '0000-00-00 00:00:00.000000', '0000-00-00 00:00:00.000000'),
(574, 'Salay', 51, '0000-00-00 00:00:00.000000', '0000-00-00 00:00:00.000000'),
(575, 'Tagoloan', 51, '0000-00-00 00:00:00.000000', '0000-00-00 00:00:00.000000'),
(576, 'Villanueva', 51, '0000-00-00 00:00:00.000000', '0000-00-00 00:00:00.000000'),
(577, 'Bauko', 52, '0000-00-00 00:00:00.000000', '0000-00-00 00:00:00.000000'),
(578, 'Bontoc', 52, '0000-00-00 00:00:00.000000', '0000-00-00 00:00:00.000000'),
(579, 'Paracelis', 52, '0000-00-00 00:00:00.000000', '0000-00-00 00:00:00.000000'),
(580, 'Bago', 53, '0000-00-00 00:00:00.000000', '0000-00-00 00:00:00.000000'),
(581, 'Binalbagan', 53, '0000-00-00 00:00:00.000000', '0000-00-00 00:00:00.000000'),
(582, 'Cadiz', 53, '0000-00-00 00:00:00.000000', '0000-00-00 00:00:00.000000'),
(583, 'Calatrava', 53, '0000-00-00 00:00:00.000000', '0000-00-00 00:00:00.000000'),
(584, 'Cawayan', 53, '0000-00-00 00:00:00.000000', '0000-00-00 00:00:00.000000'),
(585, 'Escalante', 53, '0000-00-00 00:00:00.000000', '0000-00-00 00:00:00.000000'),
(586, 'Himamaylan', 53, '0000-00-00 00:00:00.000000', '0000-00-00 00:00:00.000000'),
(587, 'Hinigaran', 53, '0000-00-00 00:00:00.000000', '0000-00-00 00:00:00.000000'),
(588, 'Ilog', 53, '0000-00-00 00:00:00.000000', '0000-00-00 00:00:00.000000'),
(589, 'Isabela', 53, '0000-00-00 00:00:00.000000', '0000-00-00 00:00:00.000000'),
(590, 'Jinoba-an', 53, '0000-00-00 00:00:00.000000', '0000-00-00 00:00:00.000000'),
(591, 'Kabankalan', 53, '0000-00-00 00:00:00.000000', '0000-00-00 00:00:00.000000'),
(592, 'La Carlota', 53, '0000-00-00 00:00:00.000000', '0000-00-00 00:00:00.000000'),
(593, 'Manapla', 53, '0000-00-00 00:00:00.000000', '0000-00-00 00:00:00.000000'),
(594, 'Moises Padilla', 53, '0000-00-00 00:00:00.000000', '0000-00-00 00:00:00.000000'),
(595, 'Murcia', 53, '0000-00-00 00:00:00.000000', '0000-00-00 00:00:00.000000'),
(596, 'Pontevedra', 53, '0000-00-00 00:00:00.000000', '0000-00-00 00:00:00.000000'),
(597, 'Pulupandan', 53, '0000-00-00 00:00:00.000000', '0000-00-00 00:00:00.000000'),
(598, 'Robles', 53, '0000-00-00 00:00:00.000000', '0000-00-00 00:00:00.000000'),
(599, 'Sagay', 53, '0000-00-00 00:00:00.000000', '0000-00-00 00:00:00.000000'),
(600, 'San Carlos', 53, '0000-00-00 00:00:00.000000', '0000-00-00 00:00:00.000000'),
(601, 'Saravia', 53, '0000-00-00 00:00:00.000000', '0000-00-00 00:00:00.000000'),
(602, 'Silay', 53, '0000-00-00 00:00:00.000000', '0000-00-00 00:00:00.000000'),
(603, 'Sipalay', 53, '0000-00-00 00:00:00.000000', '0000-00-00 00:00:00.000000'),
(604, 'Talisay', 53, '0000-00-00 00:00:00.000000', '0000-00-00 00:00:00.000000'),
(605, 'Toboso', 53, '0000-00-00 00:00:00.000000', '0000-00-00 00:00:00.000000'),
(606, 'Valladolid', 53, '0000-00-00 00:00:00.000000', '0000-00-00 00:00:00.000000'),
(607, 'Victorias', 53, '0000-00-00 00:00:00.000000', '0000-00-00 00:00:00.000000'),
(608, 'Ayungon', 54, '0000-00-00 00:00:00.000000', '0000-00-00 00:00:00.000000'),
(609, 'Bacong', 54, '0000-00-00 00:00:00.000000', '0000-00-00 00:00:00.000000'),
(610, 'Bais', 54, '0000-00-00 00:00:00.000000', '0000-00-00 00:00:00.000000'),
(611, 'Bayawan', 54, '0000-00-00 00:00:00.000000', '0000-00-00 00:00:00.000000'),
(612, 'Canlaon', 54, '0000-00-00 00:00:00.000000', '0000-00-00 00:00:00.000000'),
(613, 'Dauin', 54, '0000-00-00 00:00:00.000000', '0000-00-00 00:00:00.000000'),
(614, 'Dumaguete City', 54, '0000-00-00 00:00:00.000000', '0000-00-00 00:00:00.000000'),
(615, 'Guihulñgan', 54, '0000-00-00 00:00:00.000000', '0000-00-00 00:00:00.000000'),
(616, 'Jimalalud', 54, '0000-00-00 00:00:00.000000', '0000-00-00 00:00:00.000000'),
(617, 'La Libertad', 54, '0000-00-00 00:00:00.000000', '0000-00-00 00:00:00.000000'),
(618, 'Mabinay', 54, '0000-00-00 00:00:00.000000', '0000-00-00 00:00:00.000000'),
(619, 'Manjuyod', 54, '0000-00-00 00:00:00.000000', '0000-00-00 00:00:00.000000'),
(620, 'Pamplona', 54, '0000-00-00 00:00:00.000000', '0000-00-00 00:00:00.000000');
INSERT INTO `tbl_cities` (`id`, `city`, `province_id`, `created_at`, `updated_at`) VALUES
(621, 'Payabon', 54, '0000-00-00 00:00:00.000000', '0000-00-00 00:00:00.000000'),
(622, 'Santa Catalina', 54, '0000-00-00 00:00:00.000000', '0000-00-00 00:00:00.000000'),
(623, 'Siaton', 54, '0000-00-00 00:00:00.000000', '0000-00-00 00:00:00.000000'),
(624, 'Sibulan', 54, '0000-00-00 00:00:00.000000', '0000-00-00 00:00:00.000000'),
(625, 'Tanjay', 54, '0000-00-00 00:00:00.000000', '0000-00-00 00:00:00.000000'),
(626, 'Tayasan', 54, '0000-00-00 00:00:00.000000', '0000-00-00 00:00:00.000000'),
(627, 'Valencia', 54, '0000-00-00 00:00:00.000000', '0000-00-00 00:00:00.000000'),
(628, 'Vallehermoso', 54, '0000-00-00 00:00:00.000000', '0000-00-00 00:00:00.000000'),
(629, 'Zamboanguita', 54, '0000-00-00 00:00:00.000000', '0000-00-00 00:00:00.000000'),
(630, 'Catarman', 55, '0000-00-00 00:00:00.000000', '0000-00-00 00:00:00.000000'),
(631, 'Catubig', 55, '0000-00-00 00:00:00.000000', '0000-00-00 00:00:00.000000'),
(632, 'Laoang', 55, '0000-00-00 00:00:00.000000', '0000-00-00 00:00:00.000000'),
(633, 'Las Navas', 55, '0000-00-00 00:00:00.000000', '0000-00-00 00:00:00.000000'),
(634, 'Lavezares', 55, '0000-00-00 00:00:00.000000', '0000-00-00 00:00:00.000000'),
(635, 'Mondragon', 55, '0000-00-00 00:00:00.000000', '0000-00-00 00:00:00.000000'),
(636, 'Palapag', 55, '0000-00-00 00:00:00.000000', '0000-00-00 00:00:00.000000'),
(637, 'Pambujan', 55, '0000-00-00 00:00:00.000000', '0000-00-00 00:00:00.000000'),
(638, 'San Roque', 55, '0000-00-00 00:00:00.000000', '0000-00-00 00:00:00.000000'),
(639, 'Aliaga', 56, '0000-00-00 00:00:00.000000', '0000-00-00 00:00:00.000000'),
(640, 'Bongabon', 56, '0000-00-00 00:00:00.000000', '0000-00-00 00:00:00.000000'),
(641, 'Cabanatuan City', 56, '0000-00-00 00:00:00.000000', '0000-00-00 00:00:00.000000'),
(642, 'Cabiao', 56, '0000-00-00 00:00:00.000000', '0000-00-00 00:00:00.000000'),
(643, 'Carranglan', 56, '0000-00-00 00:00:00.000000', '0000-00-00 00:00:00.000000'),
(644, 'Cuyapo', 56, '0000-00-00 00:00:00.000000', '0000-00-00 00:00:00.000000'),
(645, 'Gapan', 56, '0000-00-00 00:00:00.000000', '0000-00-00 00:00:00.000000'),
(646, 'General Mamerto Natividad', 56, '0000-00-00 00:00:00.000000', '0000-00-00 00:00:00.000000'),
(647, 'General Tinio', 56, '0000-00-00 00:00:00.000000', '0000-00-00 00:00:00.000000'),
(648, 'Guimba', 56, '0000-00-00 00:00:00.000000', '0000-00-00 00:00:00.000000'),
(649, 'Jaen', 56, '0000-00-00 00:00:00.000000', '0000-00-00 00:00:00.000000'),
(650, 'Laur', 56, '0000-00-00 00:00:00.000000', '0000-00-00 00:00:00.000000'),
(651, 'Licab', 56, '0000-00-00 00:00:00.000000', '0000-00-00 00:00:00.000000'),
(652, 'Llanera', 56, '0000-00-00 00:00:00.000000', '0000-00-00 00:00:00.000000'),
(653, 'Lupao', 56, '0000-00-00 00:00:00.000000', '0000-00-00 00:00:00.000000'),
(654, 'Palayan City', 56, '0000-00-00 00:00:00.000000', '0000-00-00 00:00:00.000000'),
(655, 'Pantabangan', 56, '0000-00-00 00:00:00.000000', '0000-00-00 00:00:00.000000'),
(656, 'Peñaranda', 56, '0000-00-00 00:00:00.000000', '0000-00-00 00:00:00.000000'),
(657, 'Quezon', 56, '0000-00-00 00:00:00.000000', '0000-00-00 00:00:00.000000'),
(658, 'Rizal', 56, '0000-00-00 00:00:00.000000', '0000-00-00 00:00:00.000000'),
(659, 'San Antonio', 56, '0000-00-00 00:00:00.000000', '0000-00-00 00:00:00.000000'),
(660, 'San Isidro', 56, '0000-00-00 00:00:00.000000', '0000-00-00 00:00:00.000000'),
(661, 'San Jose', 56, '0000-00-00 00:00:00.000000', '0000-00-00 00:00:00.000000'),
(662, 'San Leonardo', 56, '0000-00-00 00:00:00.000000', '0000-00-00 00:00:00.000000'),
(663, 'Santa Rosa', 56, '0000-00-00 00:00:00.000000', '0000-00-00 00:00:00.000000'),
(664, 'Santo Domingo', 56, '0000-00-00 00:00:00.000000', '0000-00-00 00:00:00.000000'),
(665, 'Science City of Muñoz', 56, '0000-00-00 00:00:00.000000', '0000-00-00 00:00:00.000000'),
(666, 'Talavera', 56, '0000-00-00 00:00:00.000000', '0000-00-00 00:00:00.000000'),
(667, 'Zaragoza', 56, '0000-00-00 00:00:00.000000', '0000-00-00 00:00:00.000000'),
(668, 'Aritao', 57, '0000-00-00 00:00:00.000000', '0000-00-00 00:00:00.000000'),
(669, 'Bagabag', 57, '0000-00-00 00:00:00.000000', '0000-00-00 00:00:00.000000'),
(670, 'Bambang', 57, '0000-00-00 00:00:00.000000', '0000-00-00 00:00:00.000000'),
(671, 'Bayombong', 57, '0000-00-00 00:00:00.000000', '0000-00-00 00:00:00.000000'),
(672, 'Dupax Del Norte', 57, '0000-00-00 00:00:00.000000', '0000-00-00 00:00:00.000000'),
(673, 'Kasibu', 57, '0000-00-00 00:00:00.000000', '0000-00-00 00:00:00.000000'),
(674, 'Solano', 57, '0000-00-00 00:00:00.000000', '0000-00-00 00:00:00.000000'),
(675, 'Abra de Ilog', 58, '0000-00-00 00:00:00.000000', '0000-00-00 00:00:00.000000'),
(676, 'Calintaan', 58, '0000-00-00 00:00:00.000000', '0000-00-00 00:00:00.000000'),
(677, 'Magsaysay', 58, '0000-00-00 00:00:00.000000', '0000-00-00 00:00:00.000000'),
(678, 'Mamburao', 58, '0000-00-00 00:00:00.000000', '0000-00-00 00:00:00.000000'),
(679, 'Rizal', 58, '0000-00-00 00:00:00.000000', '0000-00-00 00:00:00.000000'),
(680, 'Sablayan', 58, '0000-00-00 00:00:00.000000', '0000-00-00 00:00:00.000000'),
(681, 'San Jose', 58, '0000-00-00 00:00:00.000000', '0000-00-00 00:00:00.000000'),
(682, 'Santa Cruz', 58, '0000-00-00 00:00:00.000000', '0000-00-00 00:00:00.000000'),
(683, 'Baco', 59, '0000-00-00 00:00:00.000000', '0000-00-00 00:00:00.000000'),
(684, 'Bongabong', 59, '0000-00-00 00:00:00.000000', '0000-00-00 00:00:00.000000'),
(685, 'Bulalacao', 59, '0000-00-00 00:00:00.000000', '0000-00-00 00:00:00.000000'),
(686, 'Calapan', 59, '0000-00-00 00:00:00.000000', '0000-00-00 00:00:00.000000'),
(687, 'Gloria', 59, '0000-00-00 00:00:00.000000', '0000-00-00 00:00:00.000000'),
(688, 'Mansalay', 59, '0000-00-00 00:00:00.000000', '0000-00-00 00:00:00.000000'),
(689, 'Naujan', 59, '0000-00-00 00:00:00.000000', '0000-00-00 00:00:00.000000'),
(690, 'Pinamalayan', 59, '0000-00-00 00:00:00.000000', '0000-00-00 00:00:00.000000'),
(691, 'Pola', 59, '0000-00-00 00:00:00.000000', '0000-00-00 00:00:00.000000'),
(692, 'Proper Bansud', 59, '0000-00-00 00:00:00.000000', '0000-00-00 00:00:00.000000'),
(693, 'Puerto Galera', 59, '0000-00-00 00:00:00.000000', '0000-00-00 00:00:00.000000'),
(694, 'Roxas', 59, '0000-00-00 00:00:00.000000', '0000-00-00 00:00:00.000000'),
(695, 'Socorro', 59, '0000-00-00 00:00:00.000000', '0000-00-00 00:00:00.000000'),
(696, 'Aborlan', 60, '0000-00-00 00:00:00.000000', '0000-00-00 00:00:00.000000'),
(697, 'Balabac', 60, '0000-00-00 00:00:00.000000', '0000-00-00 00:00:00.000000'),
(698, 'Batarasa', 60, '0000-00-00 00:00:00.000000', '0000-00-00 00:00:00.000000'),
(699, 'Brookes Point', 60, '0000-00-00 00:00:00.000000', '0000-00-00 00:00:00.000000'),
(700, 'Coron', 60, '0000-00-00 00:00:00.000000', '0000-00-00 00:00:00.000000'),
(701, 'El Nido', 60, '0000-00-00 00:00:00.000000', '0000-00-00 00:00:00.000000'),
(702, 'Narra', 60, '0000-00-00 00:00:00.000000', '0000-00-00 00:00:00.000000'),
(703, 'Quezon', 60, '0000-00-00 00:00:00.000000', '0000-00-00 00:00:00.000000'),
(704, 'Roxas', 60, '0000-00-00 00:00:00.000000', '0000-00-00 00:00:00.000000'),
(705, 'San Vicente', 60, '0000-00-00 00:00:00.000000', '0000-00-00 00:00:00.000000'),
(706, 'Taytay', 60, '0000-00-00 00:00:00.000000', '0000-00-00 00:00:00.000000'),
(707, 'Apalit', 61, '0000-00-00 00:00:00.000000', '0000-00-00 00:00:00.000000'),
(708, 'Arayat', 61, '0000-00-00 00:00:00.000000', '0000-00-00 00:00:00.000000'),
(709, 'Bacolor', 61, '0000-00-00 00:00:00.000000', '0000-00-00 00:00:00.000000'),
(710, 'Candaba', 61, '0000-00-00 00:00:00.000000', '0000-00-00 00:00:00.000000'),
(711, 'Floridablanca', 61, '0000-00-00 00:00:00.000000', '0000-00-00 00:00:00.000000'),
(712, 'Guagua', 61, '0000-00-00 00:00:00.000000', '0000-00-00 00:00:00.000000'),
(713, 'Lubao', 61, '0000-00-00 00:00:00.000000', '0000-00-00 00:00:00.000000'),
(714, 'Mabalacat', 61, '0000-00-00 00:00:00.000000', '0000-00-00 00:00:00.000000'),
(715, 'Macabebe', 61, '0000-00-00 00:00:00.000000', '0000-00-00 00:00:00.000000'),
(716, 'Magalang', 61, '0000-00-00 00:00:00.000000', '0000-00-00 00:00:00.000000'),
(717, 'Masantol', 61, '0000-00-00 00:00:00.000000', '0000-00-00 00:00:00.000000'),
(718, 'Mexico', 61, '0000-00-00 00:00:00.000000', '0000-00-00 00:00:00.000000'),
(719, 'Minalin', 61, '0000-00-00 00:00:00.000000', '0000-00-00 00:00:00.000000'),
(720, 'Porac', 61, '0000-00-00 00:00:00.000000', '0000-00-00 00:00:00.000000'),
(721, 'San Fernando', 61, '0000-00-00 00:00:00.000000', '0000-00-00 00:00:00.000000'),
(722, 'San Luis', 61, '0000-00-00 00:00:00.000000', '0000-00-00 00:00:00.000000'),
(723, 'San Simon', 61, '0000-00-00 00:00:00.000000', '0000-00-00 00:00:00.000000'),
(724, 'Santa Ana', 61, '0000-00-00 00:00:00.000000', '0000-00-00 00:00:00.000000'),
(725, 'Santa Rita', 61, '0000-00-00 00:00:00.000000', '0000-00-00 00:00:00.000000'),
(726, 'Santo Tomas', 61, '0000-00-00 00:00:00.000000', '0000-00-00 00:00:00.000000'),
(727, 'Sexmoan', 61, '0000-00-00 00:00:00.000000', '0000-00-00 00:00:00.000000'),
(728, 'Agno', 62, '0000-00-00 00:00:00.000000', '0000-00-00 00:00:00.000000'),
(729, 'Aguilar', 62, '0000-00-00 00:00:00.000000', '0000-00-00 00:00:00.000000'),
(730, 'Alaminos', 62, '0000-00-00 00:00:00.000000', '0000-00-00 00:00:00.000000'),
(731, 'Alcala', 62, '0000-00-00 00:00:00.000000', '0000-00-00 00:00:00.000000'),
(732, 'Anda', 62, '0000-00-00 00:00:00.000000', '0000-00-00 00:00:00.000000'),
(733, 'Asingan', 62, '0000-00-00 00:00:00.000000', '0000-00-00 00:00:00.000000'),
(734, 'Balungao', 62, '0000-00-00 00:00:00.000000', '0000-00-00 00:00:00.000000'),
(735, 'Bani', 62, '0000-00-00 00:00:00.000000', '0000-00-00 00:00:00.000000'),
(736, 'Basista', 62, '0000-00-00 00:00:00.000000', '0000-00-00 00:00:00.000000'),
(737, 'Bautista', 62, '0000-00-00 00:00:00.000000', '0000-00-00 00:00:00.000000'),
(738, 'Binalonan', 62, '0000-00-00 00:00:00.000000', '0000-00-00 00:00:00.000000'),
(739, 'Binmaley', 62, '0000-00-00 00:00:00.000000', '0000-00-00 00:00:00.000000'),
(740, 'Bolinao', 62, '0000-00-00 00:00:00.000000', '0000-00-00 00:00:00.000000'),
(741, 'Bugallon', 62, '0000-00-00 00:00:00.000000', '0000-00-00 00:00:00.000000'),
(742, 'Calasiao', 62, '0000-00-00 00:00:00.000000', '0000-00-00 00:00:00.000000'),
(743, 'Dasol', 62, '0000-00-00 00:00:00.000000', '0000-00-00 00:00:00.000000'),
(744, 'Laoac East', 62, '0000-00-00 00:00:00.000000', '0000-00-00 00:00:00.000000'),
(745, 'Lingayen', 62, '0000-00-00 00:00:00.000000', '0000-00-00 00:00:00.000000'),
(746, 'Malasiqui', 62, '0000-00-00 00:00:00.000000', '0000-00-00 00:00:00.000000'),
(747, 'Manaoag', 62, '0000-00-00 00:00:00.000000', '0000-00-00 00:00:00.000000'),
(748, 'Mangaldan', 62, '0000-00-00 00:00:00.000000', '0000-00-00 00:00:00.000000'),
(749, 'Mangatarem', 62, '0000-00-00 00:00:00.000000', '0000-00-00 00:00:00.000000'),
(750, 'Mapandan', 62, '0000-00-00 00:00:00.000000', '0000-00-00 00:00:00.000000'),
(751, 'Pozorrubio', 62, '0000-00-00 00:00:00.000000', '0000-00-00 00:00:00.000000'),
(752, 'Rosales', 62, '0000-00-00 00:00:00.000000', '0000-00-00 00:00:00.000000'),
(753, 'San Carlos City', 62, '0000-00-00 00:00:00.000000', '0000-00-00 00:00:00.000000'),
(754, 'San Jacinto', 62, '0000-00-00 00:00:00.000000', '0000-00-00 00:00:00.000000'),
(755, 'San Manuel', 62, '0000-00-00 00:00:00.000000', '0000-00-00 00:00:00.000000'),
(756, 'San Nicolas', 62, '0000-00-00 00:00:00.000000', '0000-00-00 00:00:00.000000'),
(757, 'San Quintin', 62, '0000-00-00 00:00:00.000000', '0000-00-00 00:00:00.000000'),
(758, 'Santa Barbara', 62, '0000-00-00 00:00:00.000000', '0000-00-00 00:00:00.000000'),
(759, 'Santa Maria', 62, '0000-00-00 00:00:00.000000', '0000-00-00 00:00:00.000000'),
(760, 'Sison', 62, '0000-00-00 00:00:00.000000', '0000-00-00 00:00:00.000000'),
(761, 'Sual', 62, '0000-00-00 00:00:00.000000', '0000-00-00 00:00:00.000000'),
(762, 'Tayug', 62, '0000-00-00 00:00:00.000000', '0000-00-00 00:00:00.000000'),
(763, 'Umingan', 62, '0000-00-00 00:00:00.000000', '0000-00-00 00:00:00.000000'),
(764, 'Urbiztondo', 62, '0000-00-00 00:00:00.000000', '0000-00-00 00:00:00.000000'),
(765, 'Urdaneta', 62, '0000-00-00 00:00:00.000000', '0000-00-00 00:00:00.000000'),
(766, 'Villasis', 62, '0000-00-00 00:00:00.000000', '0000-00-00 00:00:00.000000'),
(767, 'Agdangan', 63, '0000-00-00 00:00:00.000000', '0000-00-00 00:00:00.000000'),
(768, 'Atimonan', 63, '0000-00-00 00:00:00.000000', '0000-00-00 00:00:00.000000'),
(769, 'Aurora', 63, '0000-00-00 00:00:00.000000', '0000-00-00 00:00:00.000000'),
(770, 'Buenavista', 63, '0000-00-00 00:00:00.000000', '0000-00-00 00:00:00.000000'),
(771, 'Calauag', 63, '0000-00-00 00:00:00.000000', '0000-00-00 00:00:00.000000'),
(772, 'Candelaria', 63, '0000-00-00 00:00:00.000000', '0000-00-00 00:00:00.000000'),
(773, 'Catanauan', 63, '0000-00-00 00:00:00.000000', '0000-00-00 00:00:00.000000'),
(774, 'Dolores', 63, '0000-00-00 00:00:00.000000', '0000-00-00 00:00:00.000000'),
(775, 'General Nakar', 63, '0000-00-00 00:00:00.000000', '0000-00-00 00:00:00.000000'),
(776, 'Guinayangan', 63, '0000-00-00 00:00:00.000000', '0000-00-00 00:00:00.000000'),
(777, 'Gumaca', 63, '0000-00-00 00:00:00.000000', '0000-00-00 00:00:00.000000'),
(778, 'Infanta', 63, '0000-00-00 00:00:00.000000', '0000-00-00 00:00:00.000000'),
(779, 'Lopez', 63, '0000-00-00 00:00:00.000000', '0000-00-00 00:00:00.000000'),
(780, 'Lucban', 63, '0000-00-00 00:00:00.000000', '0000-00-00 00:00:00.000000'),
(781, 'Macalelon', 63, '0000-00-00 00:00:00.000000', '0000-00-00 00:00:00.000000'),
(782, 'Mauban', 63, '0000-00-00 00:00:00.000000', '0000-00-00 00:00:00.000000'),
(783, 'Mulanay', 63, '0000-00-00 00:00:00.000000', '0000-00-00 00:00:00.000000'),
(784, 'Padre Burgos', 63, '0000-00-00 00:00:00.000000', '0000-00-00 00:00:00.000000'),
(785, 'Pagbilao', 63, '0000-00-00 00:00:00.000000', '0000-00-00 00:00:00.000000'),
(786, 'Perez', 63, '0000-00-00 00:00:00.000000', '0000-00-00 00:00:00.000000'),
(787, 'Polillo', 63, '0000-00-00 00:00:00.000000', '0000-00-00 00:00:00.000000'),
(788, 'Quezon City', 63, '0000-00-00 00:00:00.000000', '0000-00-00 00:00:00.000000'),
(789, 'Real', 63, '0000-00-00 00:00:00.000000', '0000-00-00 00:00:00.000000'),
(790, 'San Andres', 63, '0000-00-00 00:00:00.000000', '0000-00-00 00:00:00.000000'),
(791, 'San Antonio', 63, '0000-00-00 00:00:00.000000', '0000-00-00 00:00:00.000000'),
(792, 'San Narciso', 63, '0000-00-00 00:00:00.000000', '0000-00-00 00:00:00.000000'),
(793, 'Sariaya', 63, '0000-00-00 00:00:00.000000', '0000-00-00 00:00:00.000000'),
(794, 'Tagkawayan', 63, '0000-00-00 00:00:00.000000', '0000-00-00 00:00:00.000000'),
(795, 'Tayabas', 63, '0000-00-00 00:00:00.000000', '0000-00-00 00:00:00.000000'),
(796, 'Tiaong', 63, '0000-00-00 00:00:00.000000', '0000-00-00 00:00:00.000000'),
(797, 'Aglipay', 64, '0000-00-00 00:00:00.000000', '0000-00-00 00:00:00.000000'),
(798, 'Cabarroguis', 64, '0000-00-00 00:00:00.000000', '0000-00-00 00:00:00.000000'),
(799, 'Diffun', 64, '0000-00-00 00:00:00.000000', '0000-00-00 00:00:00.000000'),
(800, 'Maddela', 64, '0000-00-00 00:00:00.000000', '0000-00-00 00:00:00.000000'),
(801, 'Angono', 65, '0000-00-00 00:00:00.000000', '0000-00-00 00:00:00.000000'),
(802, 'Antipolo', 65, '0000-00-00 00:00:00.000000', '0000-00-00 00:00:00.000000'),
(803, 'Baras', 65, '0000-00-00 00:00:00.000000', '0000-00-00 00:00:00.000000'),
(804, 'Binangonan', 65, '0000-00-00 00:00:00.000000', '0000-00-00 00:00:00.000000'),
(805, 'Cainta', 65, '0000-00-00 00:00:00.000000', '0000-00-00 00:00:00.000000'),
(806, 'Cardona', 65, '0000-00-00 00:00:00.000000', '0000-00-00 00:00:00.000000'),
(807, 'Jalajala', 65, '0000-00-00 00:00:00.000000', '0000-00-00 00:00:00.000000'),
(808, 'Morong', 65, '0000-00-00 00:00:00.000000', '0000-00-00 00:00:00.000000'),
(809, 'Pililla', 65, '0000-00-00 00:00:00.000000', '0000-00-00 00:00:00.000000'),
(810, 'Rodriguez', 65, '0000-00-00 00:00:00.000000', '0000-00-00 00:00:00.000000'),
(811, 'San Mateo', 65, '0000-00-00 00:00:00.000000', '0000-00-00 00:00:00.000000'),
(812, 'Tanay', 65, '0000-00-00 00:00:00.000000', '0000-00-00 00:00:00.000000'),
(813, 'Taytay', 65, '0000-00-00 00:00:00.000000', '0000-00-00 00:00:00.000000'),
(814, 'Teresa', 65, '0000-00-00 00:00:00.000000', '0000-00-00 00:00:00.000000'),
(815, 'Odiongan', 66, '0000-00-00 00:00:00.000000', '0000-00-00 00:00:00.000000'),
(816, 'Romblon', 66, '0000-00-00 00:00:00.000000', '0000-00-00 00:00:00.000000'),
(817, 'Basey', 67, '0000-00-00 00:00:00.000000', '0000-00-00 00:00:00.000000'),
(818, 'Calbayog City', 67, '0000-00-00 00:00:00.000000', '0000-00-00 00:00:00.000000'),
(819, 'Catbalogan', 67, '0000-00-00 00:00:00.000000', '0000-00-00 00:00:00.000000'),
(820, 'Daram', 67, '0000-00-00 00:00:00.000000', '0000-00-00 00:00:00.000000'),
(821, 'Gandara', 67, '0000-00-00 00:00:00.000000', '0000-00-00 00:00:00.000000'),
(822, 'Santa Rita', 67, '0000-00-00 00:00:00.000000', '0000-00-00 00:00:00.000000'),
(823, 'Villareal', 67, '0000-00-00 00:00:00.000000', '0000-00-00 00:00:00.000000'),
(824, 'Alabel', 68, '0000-00-00 00:00:00.000000', '0000-00-00 00:00:00.000000'),
(825, 'Glan', 68, '0000-00-00 00:00:00.000000', '0000-00-00 00:00:00.000000'),
(826, 'Kiamba', 68, '0000-00-00 00:00:00.000000', '0000-00-00 00:00:00.000000'),
(827, 'Maasin', 68, '0000-00-00 00:00:00.000000', '0000-00-00 00:00:00.000000'),
(828, 'Maitum', 68, '0000-00-00 00:00:00.000000', '0000-00-00 00:00:00.000000'),
(829, 'Malapatan', 68, '0000-00-00 00:00:00.000000', '0000-00-00 00:00:00.000000'),
(830, 'Maluñgun', 68, '0000-00-00 00:00:00.000000', '0000-00-00 00:00:00.000000'),
(831, 'Siquijor', 69, '0000-00-00 00:00:00.000000', '0000-00-00 00:00:00.000000'),
(832, 'Bulan', 70, '0000-00-00 00:00:00.000000', '0000-00-00 00:00:00.000000'),
(833, 'Casiguran', 70, '0000-00-00 00:00:00.000000', '0000-00-00 00:00:00.000000'),
(834, 'Castilla', 70, '0000-00-00 00:00:00.000000', '0000-00-00 00:00:00.000000'),
(835, 'Donsol', 70, '0000-00-00 00:00:00.000000', '0000-00-00 00:00:00.000000'),
(836, 'Gubat', 70, '0000-00-00 00:00:00.000000', '0000-00-00 00:00:00.000000'),
(837, 'Irosin', 70, '0000-00-00 00:00:00.000000', '0000-00-00 00:00:00.000000'),
(838, 'Juban', 70, '0000-00-00 00:00:00.000000', '0000-00-00 00:00:00.000000'),
(839, 'Matnog', 70, '0000-00-00 00:00:00.000000', '0000-00-00 00:00:00.000000'),
(840, 'Pilar', 70, '0000-00-00 00:00:00.000000', '0000-00-00 00:00:00.000000'),
(841, 'Sorsogon', 70, '0000-00-00 00:00:00.000000', '0000-00-00 00:00:00.000000'),
(842, 'Banga', 71, '0000-00-00 00:00:00.000000', '0000-00-00 00:00:00.000000'),
(843, 'Koronadal', 71, '0000-00-00 00:00:00.000000', '0000-00-00 00:00:00.000000'),
(844, 'Koronadal', 71, '0000-00-00 00:00:00.000000', '0000-00-00 00:00:00.000000'),
(845, 'Norala', 71, '0000-00-00 00:00:00.000000', '0000-00-00 00:00:00.000000'),
(846, 'Polomolok', 71, '0000-00-00 00:00:00.000000', '0000-00-00 00:00:00.000000'),
(847, 'Santo Niño', 71, '0000-00-00 00:00:00.000000', '0000-00-00 00:00:00.000000'),
(848, 'Surallah', 71, '0000-00-00 00:00:00.000000', '0000-00-00 00:00:00.000000'),
(849, 'Tampakan', 71, '0000-00-00 00:00:00.000000', '0000-00-00 00:00:00.000000'),
(850, 'Tantangan', 71, '0000-00-00 00:00:00.000000', '0000-00-00 00:00:00.000000'),
(851, 'Tupi', 71, '0000-00-00 00:00:00.000000', '0000-00-00 00:00:00.000000'),
(852, 'Bontoc', 72, '0000-00-00 00:00:00.000000', '0000-00-00 00:00:00.000000'),
(853, 'Hinunangan', 72, '0000-00-00 00:00:00.000000', '0000-00-00 00:00:00.000000'),
(854, 'Maasin', 72, '0000-00-00 00:00:00.000000', '0000-00-00 00:00:00.000000'),
(855, 'Padre Burgos', 72, '0000-00-00 00:00:00.000000', '0000-00-00 00:00:00.000000'),
(856, 'Saint Bernard', 72, '0000-00-00 00:00:00.000000', '0000-00-00 00:00:00.000000'),
(857, 'Sogod', 72, '0000-00-00 00:00:00.000000', '0000-00-00 00:00:00.000000'),
(858, 'Columbio', 73, '0000-00-00 00:00:00.000000', '0000-00-00 00:00:00.000000'),
(859, 'Esperanza', 73, '0000-00-00 00:00:00.000000', '0000-00-00 00:00:00.000000'),
(860, 'Isulan', 73, '0000-00-00 00:00:00.000000', '0000-00-00 00:00:00.000000'),
(861, 'Kalamansig', 73, '0000-00-00 00:00:00.000000', '0000-00-00 00:00:00.000000'),
(862, 'Palimbang', 73, '0000-00-00 00:00:00.000000', '0000-00-00 00:00:00.000000'),
(863, 'Poblacion', 73, '0000-00-00 00:00:00.000000', '0000-00-00 00:00:00.000000'),
(864, 'President Quirino', 73, '0000-00-00 00:00:00.000000', '0000-00-00 00:00:00.000000'),
(865, 'Salaman', 73, '0000-00-00 00:00:00.000000', '0000-00-00 00:00:00.000000'),
(866, 'Tacurong', 73, '0000-00-00 00:00:00.000000', '0000-00-00 00:00:00.000000'),
(867, 'Indanan', 74, '0000-00-00 00:00:00.000000', '0000-00-00 00:00:00.000000'),
(868, 'Jolo', 74, '0000-00-00 00:00:00.000000', '0000-00-00 00:00:00.000000'),
(869, 'Kalingalan Caluang', 74, '0000-00-00 00:00:00.000000', '0000-00-00 00:00:00.000000'),
(870, 'Luuk', 74, '0000-00-00 00:00:00.000000', '0000-00-00 00:00:00.000000'),
(871, 'Maimbung', 74, '0000-00-00 00:00:00.000000', '0000-00-00 00:00:00.000000'),
(872, 'New Panamao', 74, '0000-00-00 00:00:00.000000', '0000-00-00 00:00:00.000000'),
(873, 'Pananaw', 74, '0000-00-00 00:00:00.000000', '0000-00-00 00:00:00.000000'),
(874, 'Parang', 74, '0000-00-00 00:00:00.000000', '0000-00-00 00:00:00.000000'),
(875, 'Patikul', 74, '0000-00-00 00:00:00.000000', '0000-00-00 00:00:00.000000'),
(876, 'Siasi', 74, '0000-00-00 00:00:00.000000', '0000-00-00 00:00:00.000000'),
(877, 'Simbahan', 74, '0000-00-00 00:00:00.000000', '0000-00-00 00:00:00.000000'),
(878, 'Talipao', 74, '0000-00-00 00:00:00.000000', '0000-00-00 00:00:00.000000'),
(879, 'Basilisa', 75, '0000-00-00 00:00:00.000000', '0000-00-00 00:00:00.000000'),
(880, 'Claveria', 75, '0000-00-00 00:00:00.000000', '0000-00-00 00:00:00.000000'),
(881, 'Surigao', 75, '0000-00-00 00:00:00.000000', '0000-00-00 00:00:00.000000'),
(882, 'Barobo', 76, '0000-00-00 00:00:00.000000', '0000-00-00 00:00:00.000000'),
(883, 'Bislig', 76, '0000-00-00 00:00:00.000000', '0000-00-00 00:00:00.000000'),
(884, 'Cantilan', 76, '0000-00-00 00:00:00.000000', '0000-00-00 00:00:00.000000'),
(885, 'Hinatuan', 76, '0000-00-00 00:00:00.000000', '0000-00-00 00:00:00.000000'),
(886, 'Lianga', 76, '0000-00-00 00:00:00.000000', '0000-00-00 00:00:00.000000'),
(887, 'Lingig', 76, '0000-00-00 00:00:00.000000', '0000-00-00 00:00:00.000000'),
(888, 'San Miguel', 76, '0000-00-00 00:00:00.000000', '0000-00-00 00:00:00.000000'),
(889, '', 0, '0000-00-00 00:00:00.000000', '0000-00-00 00:00:00.000000'),
(890, 'Tagbina', 76, '0000-00-00 00:00:00.000000', '0000-00-00 00:00:00.000000'),
(891, 'Tago', 76, '0000-00-00 00:00:00.000000', '0000-00-00 00:00:00.000000'),
(892, 'Tandag', 76, '0000-00-00 00:00:00.000000', '0000-00-00 00:00:00.000000'),
(893, 'Bamban', 77, '0000-00-00 00:00:00.000000', '0000-00-00 00:00:00.000000'),
(894, 'Camiling', 77, '0000-00-00 00:00:00.000000', '0000-00-00 00:00:00.000000'),
(895, 'Capas', 77, '0000-00-00 00:00:00.000000', '0000-00-00 00:00:00.000000'),
(896, 'Concepcion', 77, '0000-00-00 00:00:00.000000', '0000-00-00 00:00:00.000000'),
(897, 'Gerona', 77, '0000-00-00 00:00:00.000000', '0000-00-00 00:00:00.000000'),
(898, 'La Paz', 77, '0000-00-00 00:00:00.000000', '0000-00-00 00:00:00.000000'),
(899, 'Mayantoc', 77, '0000-00-00 00:00:00.000000', '0000-00-00 00:00:00.000000'),
(900, 'Moncada', 77, '0000-00-00 00:00:00.000000', '0000-00-00 00:00:00.000000'),
(901, 'Paniqui', 77, '0000-00-00 00:00:00.000000', '0000-00-00 00:00:00.000000'),
(902, 'Santa Ignacia', 77, '0000-00-00 00:00:00.000000', '0000-00-00 00:00:00.000000'),
(903, 'Tarlac City', 77, '0000-00-00 00:00:00.000000', '0000-00-00 00:00:00.000000'),
(904, 'Victoria', 77, '0000-00-00 00:00:00.000000', '0000-00-00 00:00:00.000000'),
(905, 'Balimbing', 78, '0000-00-00 00:00:00.000000', '0000-00-00 00:00:00.000000'),
(906, 'Bongao', 78, '0000-00-00 00:00:00.000000', '0000-00-00 00:00:00.000000'),
(907, 'Languyan', 78, '0000-00-00 00:00:00.000000', '0000-00-00 00:00:00.000000'),
(908, 'Sapa Sapa', 78, '0000-00-00 00:00:00.000000', '0000-00-00 00:00:00.000000'),
(909, 'Sibutu', 78, '0000-00-00 00:00:00.000000', '0000-00-00 00:00:00.000000'),
(910, 'Simunul', 78, '0000-00-00 00:00:00.000000', '0000-00-00 00:00:00.000000'),
(911, 'Sitangkai', 78, '0000-00-00 00:00:00.000000', '0000-00-00 00:00:00.000000'),
(912, 'Tandubas', 78, '0000-00-00 00:00:00.000000', '0000-00-00 00:00:00.000000'),
(913, 'Botolan', 79, '0000-00-00 00:00:00.000000', '0000-00-00 00:00:00.000000'),
(914, 'Castillejos', 79, '0000-00-00 00:00:00.000000', '0000-00-00 00:00:00.000000'),
(915, 'Iba', 79, '0000-00-00 00:00:00.000000', '0000-00-00 00:00:00.000000'),
(916, 'Masinloc', 79, '0000-00-00 00:00:00.000000', '0000-00-00 00:00:00.000000'),
(917, 'Palauig', 79, '0000-00-00 00:00:00.000000', '0000-00-00 00:00:00.000000'),
(918, 'San Antonio', 79, '0000-00-00 00:00:00.000000', '0000-00-00 00:00:00.000000'),
(919, 'San Marcelino', 79, '0000-00-00 00:00:00.000000', '0000-00-00 00:00:00.000000'),
(920, 'San Narciso', 79, '0000-00-00 00:00:00.000000', '0000-00-00 00:00:00.000000'),
(921, 'Santa Cruz', 79, '0000-00-00 00:00:00.000000', '0000-00-00 00:00:00.000000'),
(922, 'Subic', 79, '0000-00-00 00:00:00.000000', '0000-00-00 00:00:00.000000'),
(923, 'Dapitan', 80, '0000-00-00 00:00:00.000000', '0000-00-00 00:00:00.000000'),
(924, 'Dipolog', 80, '0000-00-00 00:00:00.000000', '0000-00-00 00:00:00.000000'),
(925, 'Gutalac', 80, '0000-00-00 00:00:00.000000', '0000-00-00 00:00:00.000000'),
(926, 'Katipunan', 80, '0000-00-00 00:00:00.000000', '0000-00-00 00:00:00.000000'),
(927, 'Labason', 80, '0000-00-00 00:00:00.000000', '0000-00-00 00:00:00.000000'),
(928, 'Liloy', 80, '0000-00-00 00:00:00.000000', '0000-00-00 00:00:00.000000'),
(929, 'Manucan', 80, '0000-00-00 00:00:00.000000', '0000-00-00 00:00:00.000000'),
(930, 'Polanco', 80, '0000-00-00 00:00:00.000000', '0000-00-00 00:00:00.000000'),
(931, 'Ponot', 80, '0000-00-00 00:00:00.000000', '0000-00-00 00:00:00.000000'),
(932, 'President Manuel Acuña Roxas', 80, '0000-00-00 00:00:00.000000', '0000-00-00 00:00:00.000000'),
(933, 'Salug', 80, '0000-00-00 00:00:00.000000', '0000-00-00 00:00:00.000000'),
(934, 'Siayan', 80, '0000-00-00 00:00:00.000000', '0000-00-00 00:00:00.000000'),
(935, 'Sibuco', 80, '0000-00-00 00:00:00.000000', '0000-00-00 00:00:00.000000'),
(936, 'Sindangan', 80, '0000-00-00 00:00:00.000000', '0000-00-00 00:00:00.000000'),
(937, 'Siocon', 80, '0000-00-00 00:00:00.000000', '0000-00-00 00:00:00.000000'),
(938, 'Siraway', 80, '0000-00-00 00:00:00.000000', '0000-00-00 00:00:00.000000'),
(939, 'Aurora', 81, '0000-00-00 00:00:00.000000', '0000-00-00 00:00:00.000000'),
(940, 'Bayog', 81, '0000-00-00 00:00:00.000000', '0000-00-00 00:00:00.000000'),
(941, 'Dimataling', 81, '0000-00-00 00:00:00.000000', '0000-00-00 00:00:00.000000'),
(942, 'Dinas', 81, '0000-00-00 00:00:00.000000', '0000-00-00 00:00:00.000000'),
(943, 'Dumalinao', 81, '0000-00-00 00:00:00.000000', '0000-00-00 00:00:00.000000'),
(944, 'Dumingag', 81, '0000-00-00 00:00:00.000000', '0000-00-00 00:00:00.000000'),
(945, 'Kumalarang', 81, '0000-00-00 00:00:00.000000', '0000-00-00 00:00:00.000000'),
(946, 'Labangan', 81, '0000-00-00 00:00:00.000000', '0000-00-00 00:00:00.000000'),
(947, 'Lapuyan', 81, '0000-00-00 00:00:00.000000', '0000-00-00 00:00:00.000000'),
(948, 'Mahayag', 81, '0000-00-00 00:00:00.000000', '0000-00-00 00:00:00.000000'),
(949, 'Margosatubig', 81, '0000-00-00 00:00:00.000000', '0000-00-00 00:00:00.000000'),
(950, 'Midsalip', 81, '0000-00-00 00:00:00.000000', '0000-00-00 00:00:00.000000'),
(951, 'Molave', 81, '0000-00-00 00:00:00.000000', '0000-00-00 00:00:00.000000'),
(952, 'Pagadian', 81, '0000-00-00 00:00:00.000000', '0000-00-00 00:00:00.000000'),
(953, 'Sergio Osmeña Sr', 81, '0000-00-00 00:00:00.000000', '0000-00-00 00:00:00.000000'),
(954, 'Tambulig', 81, '0000-00-00 00:00:00.000000', '0000-00-00 00:00:00.000000'),
(955, 'Tucuran', 81, '0000-00-00 00:00:00.000000', '0000-00-00 00:00:00.000000'),
(956, 'Alicia', 82, '0000-00-00 00:00:00.000000', '0000-00-00 00:00:00.000000'),
(957, 'Buug', 82, '0000-00-00 00:00:00.000000', '0000-00-00 00:00:00.000000'),
(958, 'Diplahan', 82, '0000-00-00 00:00:00.000000', '0000-00-00 00:00:00.000000'),
(959, 'Ipil', 82, '0000-00-00 00:00:00.000000', '0000-00-00 00:00:00.000000'),
(960, 'Kabasalan', 82, '0000-00-00 00:00:00.000000', '0000-00-00 00:00:00.000000'),
(961, 'Lower Tungawan', 82, '0000-00-00 00:00:00.000000', '0000-00-00 00:00:00.000000'),
(962, 'Mabuhay', 82, '0000-00-00 00:00:00.000000', '0000-00-00 00:00:00.000000'),
(963, 'Malangas', 82, '0000-00-00 00:00:00.000000', '0000-00-00 00:00:00.000000'),
(964, 'Naga', 82, '0000-00-00 00:00:00.000000', '0000-00-00 00:00:00.000000'),
(965, 'Olutanga', 82, '0000-00-00 00:00:00.000000', '0000-00-00 00:00:00.000000'),
(966, 'Payao', 82, '0000-00-00 00:00:00.000000', '0000-00-00 00:00:00.000000'),
(967, 'Roseller Lim', 82, '0000-00-00 00:00:00.000000', '0000-00-00 00:00:00.000000'),
(968, 'Siay', 82, '0000-00-00 00:00:00.000000', '0000-00-00 00:00:00.000000'),
(969, 'Talusan', 82, '0000-00-00 00:00:00.000000', '0000-00-00 00:00:00.000000'),
(970, 'zamboanga City', 82, '0000-00-00 00:00:00.000000', '0000-00-00 00:00:00.000000');

-- --------------------------------------------------------

--
-- Table structure for table `tbl_complaints`
--

CREATE TABLE `tbl_complaints` (
  `id` int(11) NOT NULL,
  `chief_complaints_id` int(11) DEFAULT NULL,
  `health_evaluation_id` int(11) DEFAULT NULL,
  `created_at` timestamp NOT NULL DEFAULT current_timestamp(),
  `updated_at` timestamp NOT NULL DEFAULT current_timestamp()
) ENGINE=InnoDB DEFAULT CHARSET=utf8mb4;

--
-- Dumping data for table `tbl_complaints`
--

INSERT INTO `tbl_complaints` (`id`, `chief_complaints_id`, `health_evaluation_id`, `created_at`, `updated_at`) VALUES
(81, 1, 48, '2022-05-09 17:11:49', '2022-05-09 17:11:49'),
(82, 7, 48, '2022-05-09 17:11:49', '2022-05-09 17:11:49'),
(92, 4, 49, '2022-05-10 08:05:24', '2022-05-10 08:05:24'),
(93, 5, 50, '2022-05-10 08:08:38', '2022-05-10 08:08:38'),
(94, 10, 50, '2022-05-10 08:08:38', '2022-05-10 08:08:38'),
(95, 1, 51, '2022-05-11 07:45:12', '2022-05-11 07:45:12'),
(96, 2, 51, '2022-05-11 07:45:12', '2022-05-11 07:45:12'),
(97, 6, 51, '2022-05-11 07:45:12', '2022-05-11 07:45:12'),
(98, 10, 51, '2022-05-11 07:45:12', '2022-05-11 07:45:12');

-- --------------------------------------------------------

--
-- Table structure for table `tbl_departments`
--

CREATE TABLE `tbl_departments` (
  `id` int(11) NOT NULL,
  `department` varchar(255) NOT NULL,
  `created_at` timestamp(6) NOT NULL DEFAULT current_timestamp(6),
  `updated_at` timestamp(6) NOT NULL DEFAULT current_timestamp(6)
) ENGINE=InnoDB DEFAULT CHARSET=utf8mb4;

--
-- Dumping data for table `tbl_departments`
--

INSERT INTO `tbl_departments` (`id`, `department`, `created_at`, `updated_at`) VALUES
(1, 'Elementary', '0000-00-00 00:00:00.000000', '0000-00-00 00:00:00.000000'),
(2, 'Junior High School', '0000-00-00 00:00:00.000000', '0000-00-00 00:00:00.000000'),
(3, 'Senior High School', '0000-00-00 00:00:00.000000', '0000-00-00 00:00:00.000000'),
(4, 'College', '0000-00-00 00:00:00.000000', '0000-00-00 00:00:00.000000');

-- --------------------------------------------------------

--
-- Table structure for table `tbl_deseases`
--

CREATE TABLE `tbl_deseases` (
  `id` int(11) NOT NULL,
  `desease_name` varchar(255) NOT NULL,
  `created_at` timestamp(6) NOT NULL DEFAULT current_timestamp(6),
  `updated_at` timestamp(6) NOT NULL DEFAULT current_timestamp(6)
) ENGINE=InnoDB DEFAULT CHARSET=utf8mb4;

--
-- Dumping data for table `tbl_deseases`
--

INSERT INTO `tbl_deseases` (`id`, `desease_name`, `created_at`, `updated_at`) VALUES
(1, 'Diabetes', '0000-00-00 00:00:00.000000', '0000-00-00 00:00:00.000000'),
(2, 'Asthma', '0000-00-00 00:00:00.000000', '0000-00-00 00:00:00.000000'),
(3, 'Mental Disorder/Psychological Problem', '0000-00-00 00:00:00.000000', '0000-00-00 00:00:00.000000'),
(4, 'Hypertension or High Blood Pressure', '0000-00-00 00:00:00.000000', '0000-00-00 00:00:00.000000'),
(5, 'Tuberculosis', '0000-00-00 00:00:00.000000', '0000-00-00 00:00:00.000000');

-- --------------------------------------------------------

--
-- Table structure for table `tbl_family_deseases`
--

CREATE TABLE `tbl_family_deseases` (
  `id` int(11) NOT NULL,
  `desease_id` int(11) DEFAULT NULL,
  `patient_id` int(11) DEFAULT NULL,
  `visitor_id` int(11) DEFAULT NULL,
  `created_at` timestamp(6) NOT NULL DEFAULT current_timestamp(6),
  `updated_at` timestamp(6) NOT NULL DEFAULT current_timestamp(6)
) ENGINE=InnoDB DEFAULT CHARSET=utf8mb4;

--
-- Dumping data for table `tbl_family_deseases`
--

INSERT INTO `tbl_family_deseases` (`id`, `desease_id`, `patient_id`, `visitor_id`, `created_at`, `updated_at`) VALUES
(491, 1, 258, NULL, '2022-05-05 06:37:56.000000', '2022-05-05 06:37:56.000000'),
(492, 3, 258, NULL, '2022-05-05 06:37:57.000000', '2022-05-05 06:37:57.000000'),
(493, 5, 258, NULL, '2022-05-05 06:37:57.000000', '2022-05-05 06:37:57.000000'),
(494, 1, NULL, 2, '2022-05-07 04:51:07.000000', '2022-05-07 04:51:07.000000'),
(495, 5, NULL, 2, '2022-05-07 04:51:07.000000', '2022-05-07 04:51:07.000000'),
(496, 1, NULL, 3, '2022-05-07 04:52:01.000000', '2022-05-07 04:52:01.000000'),
(497, 5, NULL, 3, '2022-05-07 04:52:01.000000', '2022-05-07 04:52:01.000000'),
(498, 1, NULL, 4, '2022-05-07 04:54:22.000000', '2022-05-07 04:54:22.000000'),
(499, 3, NULL, 4, '2022-05-07 04:54:22.000000', '2022-05-07 04:54:22.000000'),
(500, 5, NULL, 4, '2022-05-07 04:54:22.000000', '2022-05-07 04:54:22.000000'),
(511, 2, 259, NULL, '2022-05-12 22:59:48.000000', '2022-05-12 22:59:48.000000'),
(512, 4, 259, NULL, '2022-05-12 22:59:48.000000', '2022-05-12 22:59:48.000000');

-- --------------------------------------------------------

--
-- Table structure for table `tbl_fractures`
--

CREATE TABLE `tbl_fractures` (
  `id` int(11) NOT NULL,
  `fracture` varchar(255) DEFAULT NULL,
  `patient_id` int(11) DEFAULT NULL,
  `visitor_id` int(11) DEFAULT NULL,
  `created_at` timestamp(6) NOT NULL DEFAULT current_timestamp(6),
  `updated_at` timestamp(6) NOT NULL DEFAULT current_timestamp(6)
) ENGINE=InnoDB DEFAULT CHARSET=utf8mb4;

--
-- Dumping data for table `tbl_fractures`
--

INSERT INTO `tbl_fractures` (`id`, `fracture`, `patient_id`, `visitor_id`, `created_at`, `updated_at`) VALUES
(87, NULL, 258, NULL, '2022-05-05 06:37:58.000000', '2022-05-05 06:37:58.000000'),
(88, NULL, NULL, 3, '2022-05-07 04:52:02.000000', '2022-05-07 04:52:02.000000'),
(89, NULL, NULL, 4, '2022-05-07 04:54:23.000000', '2022-05-07 04:54:23.000000'),
(90, NULL, 259, NULL, '2022-05-12 22:59:49.000000', '2022-05-12 22:59:49.000000');

-- --------------------------------------------------------

--
-- Table structure for table `tbl_gradelevels`
--

CREATE TABLE `tbl_gradelevels` (
  `id` int(11) NOT NULL,
  `grade_level` varchar(255) NOT NULL,
  `created_at` timestamp NOT NULL DEFAULT current_timestamp(),
  `updated_at` timestamp NOT NULL DEFAULT current_timestamp()
) ENGINE=InnoDB DEFAULT CHARSET=utf8mb4;

--
-- Dumping data for table `tbl_gradelevels`
--

INSERT INTO `tbl_gradelevels` (`id`, `grade_level`, `created_at`, `updated_at`) VALUES
(1, 'Kinder', '2022-04-05 07:48:31', '2022-04-05 07:48:31'),
(2, 'Grade 1', '2022-04-05 07:48:31', '2022-04-05 07:48:31'),
(3, 'Grade 2', '2022-04-05 07:48:31', '2022-04-05 07:48:31'),
(4, 'Grade 3', '2022-04-05 07:48:31', '2022-04-05 07:48:31'),
(5, 'Grade 4', '2022-04-05 07:48:31', '2022-04-05 07:48:31'),
(6, 'Grade 5', '2022-04-05 07:48:31', '2022-04-05 07:48:31'),
(7, 'Grade 6', '2022-04-05 07:48:31', '2022-04-05 07:48:31'),
(8, 'Grade 7', '2022-04-05 07:49:36', '2022-04-05 07:49:36'),
(9, 'Grade 8', '2022-04-05 07:49:36', '2022-04-05 07:49:36'),
(10, 'Grade 9', '2022-04-05 07:49:36', '2022-04-05 07:49:36'),
(11, 'Grade 10', '2022-04-05 07:49:36', '2022-04-05 07:49:36'),
(12, 'Grade 11', '2022-04-05 07:49:36', '2022-04-05 07:49:36'),
(13, 'Grade 12', '2022-04-05 07:49:36', '2022-04-05 07:49:36'),
(14, 'Year 1', '2022-04-05 07:50:20', '2022-04-05 07:50:20'),
(15, 'Year 2', '2022-04-05 07:50:20', '2022-04-05 07:50:20'),
(16, 'Year 3', '2022-04-05 07:50:20', '2022-04-05 07:50:20'),
(17, 'Year 4', '2022-04-05 07:50:20', '2022-04-05 07:50:20');

-- --------------------------------------------------------

--
-- Table structure for table `tbl_guardians`
--

CREATE TABLE `tbl_guardians` (
  `id` int(11) NOT NULL,
  `complete_name` text DEFAULT NULL,
  `relationship` text DEFAULT NULL,
  `contact_number` varchar(255) DEFAULT NULL,
  `patient_id` int(11) NOT NULL,
  `created_at` timestamp(6) NOT NULL DEFAULT current_timestamp(6),
  `updated_at` timestamp(6) NOT NULL DEFAULT current_timestamp(6)
) ENGINE=InnoDB DEFAULT CHARSET=utf8mb4;

--
-- Dumping data for table `tbl_guardians`
--

INSERT INTO `tbl_guardians` (`id`, `complete_name`, `relationship`, `contact_number`, `patient_id`, `created_at`, `updated_at`) VALUES
(131, NULL, NULL, NULL, 258, '2022-05-05 06:37:56.000000', '2022-05-05 06:37:56.000000'),
(132, NULL, NULL, NULL, 259, '2022-05-12 22:59:47.000000', '2022-05-12 22:59:47.000000');

-- --------------------------------------------------------

--
-- Table structure for table `tbl_health_evaluations`
--

CREATE TABLE `tbl_health_evaluations` (
  `id` int(11) NOT NULL,
  `patient_id` int(11) DEFAULT NULL,
  `visitor_id` int(11) DEFAULT NULL,
  `weight` varchar(255) NOT NULL,
  `height` varchar(255) NOT NULL,
  `BMI` varchar(255) NOT NULL,
  `temperature` varchar(255) NOT NULL,
  `BP` varchar(255) NOT NULL,
  `doctors_note` varchar(1000) DEFAULT NULL,
  `doctors_name` varchar(255) DEFAULT NULL,
  `nurse_note` varchar(255) DEFAULT NULL,
  `nurse_name` varchar(255) DEFAULT NULL,
  `followupCheckup` date DEFAULT NULL,
  `eval_date` varchar(255) NOT NULL,
  `archived` tinyint(1) NOT NULL,
  `created_at` timestamp(6) NOT NULL DEFAULT current_timestamp(6),
  `updated_at` timestamp(6) NOT NULL DEFAULT current_timestamp(6)
) ENGINE=InnoDB DEFAULT CHARSET=utf8mb4;

--
-- Dumping data for table `tbl_health_evaluations`
--

INSERT INTO `tbl_health_evaluations` (`id`, `patient_id`, `visitor_id`, `weight`, `height`, `BMI`, `temperature`, `BP`, `doctors_note`, `doctors_name`, `nurse_note`, `nurse_name`, `followupCheckup`, `eval_date`, `archived`, `created_at`, `updated_at`) VALUES
(48, 258, NULL, '406', '242', '0.0069325865719555', '343', '23423', NULL, NULL, NULL, 'Jean Jati', NULL, 'Tue, May 10, 2022 1:11 AM', 0, '2022-05-09 16:50:22.000000', '2022-05-09 17:11:49.000000'),
(49, 258, NULL, '406', '12', '2.8194444444444', '343', '56456', NULL, NULL, NULL, 'Jean Jati', '2022-05-30', 'Tue, May 10, 2022 4:05 PM', 0, '2022-05-09 17:18:46.000000', '2022-05-10 08:05:23.000000'),
(50, NULL, 4, '40', '66', '0.0091827364554637', '36', '234', NULL, NULL, NULL, 'Jean Jati', '2022-05-24', 'Tue, May 10, 2022 4:08 PM', 0, '2022-05-09 17:30:57.000000', '2022-05-10 08:08:37.000000'),
(51, 258, NULL, '40', '66', '0.0091827364554637', '36', '234', NULL, NULL, NULL, 'Jean Jati', '2022-05-23', 'Wed, May 11, 2022 3:45 PM', 0, '2022-05-11 07:45:12.000000', '2022-05-11 07:45:12.000000');

-- --------------------------------------------------------

--
-- Table structure for table `tbl_history_illnesses`
--

CREATE TABLE `tbl_history_illnesses` (
  `id` int(11) NOT NULL,
  `illness_id` int(11) DEFAULT NULL,
  `patient_id` int(11) DEFAULT NULL,
  `visitor_id` int(11) DEFAULT NULL,
  `created_at` timestamp(6) NOT NULL DEFAULT current_timestamp(6),
  `updated_at` timestamp(6) NOT NULL DEFAULT current_timestamp(6)
) ENGINE=InnoDB DEFAULT CHARSET=utf8mb4;

--
-- Dumping data for table `tbl_history_illnesses`
--

INSERT INTO `tbl_history_illnesses` (`id`, `illness_id`, `patient_id`, `visitor_id`, `created_at`, `updated_at`) VALUES
(2090, 1, 258, NULL, '2022-05-05 06:37:57.000000', '2022-05-05 06:37:57.000000'),
(2091, 7, 258, NULL, '2022-05-05 06:37:57.000000', '2022-05-05 06:37:57.000000'),
(2092, 13, 258, NULL, '2022-05-05 06:37:57.000000', '2022-05-05 06:37:57.000000'),
(2093, 18, 258, NULL, '2022-05-05 06:37:57.000000', '2022-05-05 06:37:57.000000'),
(2094, 1, NULL, 3, '2022-05-07 04:52:01.000000', '2022-05-07 04:52:01.000000'),
(2095, 12, NULL, 3, '2022-05-07 04:52:01.000000', '2022-05-07 04:52:01.000000'),
(2096, 13, NULL, 3, '2022-05-07 04:52:01.000000', '2022-05-07 04:52:01.000000'),
(2097, 22, NULL, 3, '2022-05-07 04:52:02.000000', '2022-05-07 04:52:02.000000'),
(2098, 1, NULL, 4, '2022-05-07 04:54:22.000000', '2022-05-07 04:54:22.000000'),
(2099, 12, NULL, 4, '2022-05-07 04:54:22.000000', '2022-05-07 04:54:22.000000'),
(2100, 13, NULL, 4, '2022-05-07 04:54:22.000000', '2022-05-07 04:54:22.000000'),
(2101, 22, NULL, 4, '2022-05-07 04:54:22.000000', '2022-05-07 04:54:22.000000'),
(2118, 5, 259, NULL, '2022-05-12 22:59:48.000000', '2022-05-12 22:59:48.000000'),
(2119, 8, 259, NULL, '2022-05-12 22:59:48.000000', '2022-05-12 22:59:48.000000'),
(2120, 16, 259, NULL, '2022-05-12 22:59:48.000000', '2022-05-12 22:59:48.000000'),
(2121, 19, 259, NULL, '2022-05-12 22:59:48.000000', '2022-05-12 22:59:48.000000');

-- --------------------------------------------------------

--
-- Table structure for table `tbl_hospitalizations`
--

CREATE TABLE `tbl_hospitalizations` (
  `id` int(11) NOT NULL,
  `hospitalization` varchar(255) DEFAULT NULL,
  `patient_id` int(11) DEFAULT NULL,
  `visitor_id` int(11) DEFAULT NULL,
  `created_at` timestamp(6) NOT NULL DEFAULT current_timestamp(6),
  `updated_at` timestamp(6) NOT NULL DEFAULT current_timestamp(6)
) ENGINE=InnoDB DEFAULT CHARSET=utf8mb4;

--
-- Dumping data for table `tbl_hospitalizations`
--

INSERT INTO `tbl_hospitalizations` (`id`, `hospitalization`, `patient_id`, `visitor_id`, `created_at`, `updated_at`) VALUES
(87, NULL, 258, NULL, '2022-05-05 06:37:58.000000', '2022-05-05 06:37:58.000000'),
(88, NULL, NULL, 3, '2022-05-07 04:52:03.000000', '2022-05-07 04:52:03.000000'),
(89, NULL, NULL, 4, '2022-05-07 04:54:23.000000', '2022-05-07 04:54:23.000000'),
(90, NULL, 259, NULL, '2022-05-12 22:59:49.000000', '2022-05-12 22:59:49.000000');

-- --------------------------------------------------------

--
-- Table structure for table `tbl_illnesses`
--

CREATE TABLE `tbl_illnesses` (
  `id` int(11) NOT NULL,
  `illness_name` varchar(255) NOT NULL,
  `created_at` timestamp(6) NOT NULL DEFAULT current_timestamp(6),
  `updated_at` timestamp(6) NOT NULL DEFAULT current_timestamp(6)
) ENGINE=InnoDB DEFAULT CHARSET=utf8mb4;

--
-- Dumping data for table `tbl_illnesses`
--

INSERT INTO `tbl_illnesses` (`id`, `illness_name`, `created_at`, `updated_at`) VALUES
(1, 'Chickenpox(Hangga)', '0000-00-00 00:00:00.000000', '0000-00-00 00:00:00.000000'),
(2, 'Measles(Tigdas/Tipdas)', '0000-00-00 00:00:00.000000', '0000-00-00 00:00:00.000000'),
(3, 'Mumps(Beke/Bayuok)', '0000-00-00 00:00:00.000000', '0000-00-00 00:00:00.000000'),
(4, 'Dengue Fever', '0000-00-00 00:00:00.000000', '0000-00-00 00:00:00.000000'),
(5, 'Asthma(Hubak,Hika)', '0000-00-00 00:00:00.000000', '0000-00-00 00:00:00.000000'),
(6, 'Pneumonia (Pulmonya)', '0000-00-00 00:00:00.000000', '0000-00-00 00:00:00.000000'),
(7, 'Primary Complex', '0000-00-00 00:00:00.000000', '0000-00-00 00:00:00.000000'),
(8, 'Tuberculosis', '0000-00-00 00:00:00.000000', '0000-00-00 00:00:00.000000'),
(9, 'Hearing Problems', '0000-00-00 00:00:00.000000', '0000-00-00 00:00:00.000000'),
(10, 'Speech Problem', '0000-00-00 00:00:00.000000', '0000-00-00 00:00:00.000000'),
(11, 'Visual Problem', '0000-00-00 00:00:00.000000', '0000-00-00 00:00:00.000000'),
(12, 'Ear Discharge', '0000-00-00 00:00:00.000000', '0000-00-00 00:00:00.000000'),
(13, 'Tonsilitis', '0000-00-00 00:00:00.000000', '0000-00-00 00:00:00.000000'),
(14, 'Anemia', '0000-00-00 00:00:00.000000', '0000-00-00 00:00:00.000000'),
(15, 'G6PD (Glucose-6-phosphate dehydrogenase deficiency)', '0000-00-00 00:00:00.000000', '0000-00-00 00:00:00.000000'),
(16, 'Bleeding Problems', '0000-00-00 00:00:00.000000', '0000-00-00 00:00:00.000000'),
(17, 'Urinary Tract Infection (UTI)', '0000-00-00 00:00:00.000000', '0000-00-00 00:00:00.000000'),
(18, 'Kidney Disease', '0000-00-00 00:00:00.000000', '0000-00-00 00:00:00.000000'),
(19, 'Diabetes', '0000-00-00 00:00:00.000000', '0000-00-00 00:00:00.000000'),
(20, 'Recurrent Indigestion', '0000-00-00 00:00:00.000000', '0000-00-00 00:00:00.000000'),
(21, 'Heart or Cardiac Desease', '0000-00-00 00:00:00.000000', '0000-00-00 00:00:00.000000'),
(22, 'Seizures (Patol)', '0000-00-00 00:00:00.000000', '0000-00-00 00:00:00.000000');

-- --------------------------------------------------------

--
-- Table structure for table `tbl_immunizations`
--

CREATE TABLE `tbl_immunizations` (
  `id` int(11) NOT NULL,
  `vaccine_id` int(11) DEFAULT NULL,
  `patient_id` int(11) DEFAULT NULL,
  `created_at` timestamp(6) NOT NULL DEFAULT current_timestamp(6),
  `updated_at` timestamp(6) NOT NULL DEFAULT current_timestamp(6)
) ENGINE=InnoDB DEFAULT CHARSET=utf8mb4;

-- --------------------------------------------------------

--
-- Table structure for table `tbl_locations`
--

CREATE TABLE `tbl_locations` (
  `id` int(11) NOT NULL,
  `street_address` varchar(255) DEFAULT NULL,
  `barangay` varchar(255) DEFAULT NULL,
  `city_id` int(11) DEFAULT NULL,
  `guardian_id` int(11) DEFAULT NULL,
  `created_at` timestamp(6) NOT NULL DEFAULT current_timestamp(6),
  `updated_at` timestamp(6) NOT NULL DEFAULT current_timestamp(6)
) ENGINE=InnoDB DEFAULT CHARSET=utf8mb4;

--
-- Dumping data for table `tbl_locations`
--

INSERT INTO `tbl_locations` (`id`, `street_address`, `barangay`, `city_id`, `guardian_id`, `created_at`, `updated_at`) VALUES
(135, NULL, NULL, NULL, 131, '2022-05-05 06:37:56.000000', '2022-05-05 06:37:56.000000'),
(136, NULL, NULL, NULL, 132, '2022-05-12 22:59:48.000000', '2022-05-12 22:59:48.000000');

-- --------------------------------------------------------

--
-- Table structure for table `tbl_maintenance`
--

CREATE TABLE `tbl_maintenance` (
  `id` int(11) NOT NULL,
  `medication_name` varchar(255) NOT NULL,
  `dosage` varchar(255) NOT NULL,
  `frequency` varchar(255) NOT NULL,
  `patient_id` int(15) DEFAULT NULL,
  `visitor_id` int(11) DEFAULT NULL,
  `created_at` timestamp(6) NOT NULL DEFAULT current_timestamp(6),
  `updated_at` timestamp(6) NOT NULL DEFAULT current_timestamp(6)
) ENGINE=InnoDB DEFAULT CHARSET=utf8mb4;

--
-- Dumping data for table `tbl_maintenance`
--

INSERT INTO `tbl_maintenance` (`id`, `medication_name`, `dosage`, `frequency`, `patient_id`, `visitor_id`, `created_at`, `updated_at`) VALUES
(26, 'QWEQWE', '12', '2323', 258, NULL, '2022-05-05 06:37:58.000000', '2022-05-05 06:37:58.000000'),
(27, 'SAMPLE', '12', '21', NULL, 4, '2022-05-07 04:54:23.000000', '2022-05-07 04:54:23.000000'),
(28, 'SAMPLE', '112', '21', 259, NULL, '2022-05-12 22:59:49.000000', '2022-05-12 22:59:49.000000');

-- --------------------------------------------------------

--
-- Table structure for table `tbl_medical_supplies`
--

CREATE TABLE `tbl_medical_supplies` (
  `id` int(11) NOT NULL,
  `product_name` varchar(255) DEFAULT NULL,
  `generic_name` varchar(255) DEFAULT NULL,
  `med_type_id` int(11) DEFAULT NULL,
  `packaging_id` int(11) DEFAULT NULL,
  `quantity` int(255) NOT NULL,
  `stock` int(255) NOT NULL,
  `expiry_date` date NOT NULL,
  `purchase_date` date NOT NULL,
  `lot_number` varchar(255) DEFAULT NULL,
  `supplier` varchar(255) DEFAULT NULL,
  `archived` tinyint(1) NOT NULL,
  `created_at` timestamp(6) NOT NULL DEFAULT current_timestamp(6),
  `updated_at` timestamp(6) NOT NULL DEFAULT current_timestamp(6)
) ENGINE=InnoDB DEFAULT CHARSET=utf8mb4;

--
-- Dumping data for table `tbl_medical_supplies`
--

INSERT INTO `tbl_medical_supplies` (`id`, `product_name`, `generic_name`, `med_type_id`, `packaging_id`, `quantity`, `stock`, `expiry_date`, `purchase_date`, `lot_number`, `supplier`, `archived`, `created_at`, `updated_at`) VALUES
(29, 'Biogesic', NULL, 1, 3, 30, 20, '2022-04-30', '2022-04-21', NULL, NULL, 1, '2022-04-20 23:18:25.000000', '2022-04-21 02:07:57.000000'),
(30, 'Vics', NULL, 2, 8, 50, 45, '2022-04-30', '2022-04-21', NULL, NULL, 0, '2022-04-20 23:19:05.000000', '2022-04-20 23:21:57.000000'),
(31, 'Paracetamol', NULL, 7, 1, 30, 20, '2022-04-30', '2022-04-21', NULL, NULL, 0, '2022-04-21 01:31:01.000000', '2022-04-21 02:09:43.000000'),
(32, 'Paracetamol', NULL, 7, 1, 30, 25, '2022-04-30', '2022-04-25', NULL, NULL, 0, '2022-04-21 02:08:54.000000', '2022-04-21 02:10:28.000000'),
(33, 'Biogesic', 'Paracetamol', 4, 8, 330, 330, '2016-05-21', '1984-02-14', 'Consequatur numquam', 'Omnis quo tempor bla', 0, '2022-05-07 06:52:27.000000', '2022-05-07 06:52:27.000000'),
(34, 'Vics', 'vaporub', 2, 1, 30, 30, '2022-07-07', '2022-05-07', '1234', 'mercury drug', 0, '2022-05-07 07:30:20.000000', '2022-05-07 07:30:20.000000'),
(35, 'Neozep', 'N/A', 1, 3, 30, 30, '2022-09-07', '2022-01-07', '145', 'mercury drug', 0, '2022-05-07 09:08:52.000000', '2022-05-07 14:07:48.000000'),
(36, 'Neozep', 'N/A', 1, 3, 30, 30, '2022-12-27', '2022-05-11', '1234', 'mercury drug', 0, '2022-05-11 09:14:32.000000', '2022-05-11 09:14:32.000000');

-- --------------------------------------------------------

--
-- Table structure for table `tbl_meds_packaging_types`
--

CREATE TABLE `tbl_meds_packaging_types` (
  `id` int(11) NOT NULL,
  `packaging_type` varchar(255) NOT NULL,
  `created_at` timestamp NOT NULL DEFAULT current_timestamp(),
  `updated_at` timestamp NOT NULL DEFAULT current_timestamp()
) ENGINE=InnoDB DEFAULT CHARSET=utf8mb4;

--
-- Dumping data for table `tbl_meds_packaging_types`
--

INSERT INTO `tbl_meds_packaging_types` (`id`, `packaging_type`, `created_at`, `updated_at`) VALUES
(1, 'Bottles', '2022-04-20 09:15:52', '2022-04-20 09:15:52'),
(2, 'Vials', '2022-04-20 09:15:52', '2022-04-20 09:15:52'),
(3, 'Blister packs', '2022-04-20 09:16:22', '2022-04-20 09:16:22'),
(4, 'Sachets', '2022-04-20 09:16:22', '2022-04-20 09:16:22'),
(5, 'Syringes', '2022-04-20 09:16:55', '2022-04-20 09:16:55'),
(6, 'Ampoules', '2022-04-20 09:16:55', '2022-04-20 09:16:55'),
(7, 'Cartons', '2022-04-20 09:17:08', '2022-04-20 09:17:08'),
(8, 'Boxes', '2022-04-20 09:17:08', '2022-04-20 09:17:08');

-- --------------------------------------------------------

--
-- Table structure for table `tbl_meds_released_histories`
--

CREATE TABLE `tbl_meds_released_histories` (
  `id` int(11) NOT NULL,
  `med_supply_id` int(11) NOT NULL,
  `quantity` int(255) NOT NULL,
  `receiver_name` varchar(255) NOT NULL,
  `released_date` varchar(255) NOT NULL,
  `created_at` timestamp NOT NULL DEFAULT current_timestamp(),
  `updated_at` timestamp NULL DEFAULT current_timestamp()
) ENGINE=InnoDB DEFAULT CHARSET=utf8mb4;

--
-- Dumping data for table `tbl_meds_released_histories`
--

INSERT INTO `tbl_meds_released_histories` (`id`, `med_supply_id`, `quantity`, `receiver_name`, `released_date`, `created_at`, `updated_at`) VALUES
(5, 30, 5, 'Ava Cabillan', 'Thu, Apr 21, 2022 7:21 AM', '2022-04-20 23:21:57', '2022-04-20 23:21:57'),
(6, 29, 10, 'Genelyn Cata', 'Thu, Apr 21, 2022 7:22 AM', '2022-04-20 23:22:13', '2022-04-20 23:22:13'),
(7, 31, 5, 'Genelyn Cata', 'Thu, Apr 21, 2022 9:31 AM', '2022-04-21 01:31:43', '2022-04-21 01:31:43'),
(8, 31, 5, 'Ava Cabillan', 'Thu, Apr 21, 2022 10:09 AM', '2022-04-21 02:09:43', '2022-04-21 02:09:43'),
(9, 32, 5, 'Genelyn Cata', 'Thu, Apr 21, 2022 10:10 AM', '2022-04-21 02:10:28', '2022-04-21 02:10:28');

-- --------------------------------------------------------

--
-- Table structure for table `tbl_med_types`
--

CREATE TABLE `tbl_med_types` (
  `id` int(11) NOT NULL,
  `medicine_type` varchar(255) NOT NULL,
  `created_at` timestamp(6) NOT NULL DEFAULT current_timestamp(6),
  `updated_at` timestamp(6) NOT NULL DEFAULT current_timestamp(6)
) ENGINE=InnoDB DEFAULT CHARSET=utf8mb4;

--
-- Dumping data for table `tbl_med_types`
--

INSERT INTO `tbl_med_types` (`id`, `medicine_type`, `created_at`, `updated_at`) VALUES
(1, 'Capsules', '0000-00-00 00:00:00.000000', '0000-00-00 00:00:00.000000'),
(2, 'Cream', '0000-00-00 00:00:00.000000', '0000-00-00 00:00:00.000000'),
(3, 'Drops', '0000-00-00 00:00:00.000000', '0000-00-00 00:00:00.000000'),
(4, 'Implant or Patches', '0000-00-00 00:00:00.000000', '0000-00-00 00:00:00.000000'),
(5, 'Injections', '0000-00-00 00:00:00.000000', '0000-00-00 00:00:00.000000'),
(6, 'Inhalers', '0000-00-00 00:00:00.000000', '0000-00-00 00:00:00.000000'),
(7, 'Liquid', '0000-00-00 00:00:00.000000', '0000-00-00 00:00:00.000000'),
(8, 'Soppositories', '0000-00-00 00:00:00.000000', '0000-00-00 00:00:00.000000'),
(9, 'Tablet', '0000-00-00 00:00:00.000000', '0000-00-00 00:00:00.000000');

-- --------------------------------------------------------

--
-- Table structure for table `tbl_messages`
--

CREATE TABLE `tbl_messages` (
  `id` int(11) NOT NULL,
  `sender` int(11) DEFAULT NULL,
  `message` varchar(1000) DEFAULT NULL,
  `img_file` varchar(255) DEFAULT NULL,
  `event_id` int(11) DEFAULT NULL,
  `receiver` int(11) DEFAULT NULL,
  `readmsg` tinyint(1) NOT NULL,
  `created_at` timestamp(6) NOT NULL DEFAULT current_timestamp(6),
  `updated_at` timestamp(6) NOT NULL DEFAULT current_timestamp(6)
) ENGINE=InnoDB DEFAULT CHARSET=utf8mb4;

--
-- Dumping data for table `tbl_messages`
--

INSERT INTO `tbl_messages` (`id`, `sender`, `message`, `img_file`, `event_id`, `receiver`, `readmsg`, `created_at`, `updated_at`) VALUES
(172, 1, 'hi', NULL, NULL, 32, 1, '2022-05-12 13:50:46.000000', '2022-05-13 07:13:18.000000'),
(173, 1, NULL, '1652363767.png', NULL, 32, 1, '2022-05-12 13:56:07.000000', '2022-05-13 07:13:18.000000'),
(176, 1, NULL, NULL, 110, 32, 1, '2022-05-12 23:59:19.000000', '2022-05-13 07:13:18.000000'),
(177, 1, NULL, NULL, 112, 32, 1, '2022-05-13 01:48:49.000000', '2022-05-13 07:13:18.000000');

-- --------------------------------------------------------

--
-- Table structure for table `tbl_operations`
--

CREATE TABLE `tbl_operations` (
  `id` int(11) NOT NULL,
  `operation` varchar(255) DEFAULT NULL,
  `patient_id` int(11) DEFAULT NULL,
  `visitor_id` int(11) DEFAULT NULL,
  `created_at` timestamp(6) NOT NULL DEFAULT current_timestamp(6),
  `updated_at` timestamp(6) NOT NULL DEFAULT current_timestamp(6)
) ENGINE=InnoDB DEFAULT CHARSET=utf8mb4;

--
-- Dumping data for table `tbl_operations`
--

INSERT INTO `tbl_operations` (`id`, `operation`, `patient_id`, `visitor_id`, `created_at`, `updated_at`) VALUES
(87, NULL, 258, NULL, '2022-05-05 06:37:58.000000', '2022-05-05 06:37:58.000000'),
(88, NULL, NULL, 3, '2022-05-07 04:52:02.000000', '2022-05-07 04:52:02.000000'),
(89, NULL, NULL, 4, '2022-05-07 04:54:23.000000', '2022-05-07 04:54:23.000000'),
(90, NULL, 259, NULL, '2022-05-12 22:59:49.000000', '2022-05-12 22:59:49.000000');

-- --------------------------------------------------------

--
-- Table structure for table `tbl_other_chief_complaints`
--

CREATE TABLE `tbl_other_chief_complaints` (
  `id` int(11) NOT NULL,
  `other_chief_complaint` varchar(255) DEFAULT NULL,
  `health_evaluation_id` int(11) NOT NULL,
  `created_at` timestamp NOT NULL DEFAULT current_timestamp(),
  `updated_at` timestamp NOT NULL DEFAULT current_timestamp()
) ENGINE=InnoDB DEFAULT CHARSET=utf8mb4;

--
-- Dumping data for table `tbl_other_chief_complaints`
--

INSERT INTO `tbl_other_chief_complaints` (`id`, `other_chief_complaint`, `health_evaluation_id`, `created_at`, `updated_at`) VALUES
(34, 'sample', 49, '2022-05-09 17:18:46', '2022-05-09 17:18:46'),
(35, 'sample2', 50, '2022-05-09 17:30:58', '2022-05-09 17:30:58'),
(36, NULL, 51, '2022-05-11 07:45:12', '2022-05-11 07:45:12');

-- --------------------------------------------------------

--
-- Table structure for table `tbl_other_deseases`
--

CREATE TABLE `tbl_other_deseases` (
  `id` int(11) NOT NULL,
  `other_desease` varchar(255) DEFAULT NULL,
  `patient_id` int(11) DEFAULT NULL,
  `visitor_id` int(11) DEFAULT NULL,
  `created_at` timestamp(6) NOT NULL DEFAULT current_timestamp(6),
  `updated_at` timestamp(6) NOT NULL DEFAULT current_timestamp(6)
) ENGINE=InnoDB DEFAULT CHARSET=utf8mb4;

--
-- Dumping data for table `tbl_other_deseases`
--

INSERT INTO `tbl_other_deseases` (`id`, `other_desease`, `patient_id`, `visitor_id`, `created_at`, `updated_at`) VALUES
(87, NULL, 258, NULL, '2022-05-05 06:37:57.000000', '2022-05-05 06:37:57.000000'),
(88, NULL, NULL, 2, '2022-05-07 04:51:07.000000', '2022-05-07 04:51:07.000000'),
(89, NULL, NULL, 3, '2022-05-07 04:52:01.000000', '2022-05-07 04:52:01.000000'),
(90, NULL, NULL, 4, '2022-05-07 04:54:22.000000', '2022-05-07 04:54:22.000000'),
(91, NULL, 259, NULL, '2022-05-12 22:59:48.000000', '2022-05-12 22:59:48.000000');

-- --------------------------------------------------------

--
-- Table structure for table `tbl_other_illnesses`
--

CREATE TABLE `tbl_other_illnesses` (
  `id` int(11) NOT NULL,
  `other_illness` varchar(255) DEFAULT NULL,
  `patient_id` int(11) DEFAULT NULL,
  `visitor_id` int(11) DEFAULT NULL,
  `created_at` timestamp(6) NOT NULL DEFAULT current_timestamp(6),
  `updated_at` timestamp(6) NOT NULL DEFAULT current_timestamp(6)
) ENGINE=InnoDB DEFAULT CHARSET=utf8mb4;

--
-- Dumping data for table `tbl_other_illnesses`
--

INSERT INTO `tbl_other_illnesses` (`id`, `other_illness`, `patient_id`, `visitor_id`, `created_at`, `updated_at`) VALUES
(86, NULL, 258, NULL, '2022-05-05 06:37:58.000000', '2022-05-05 06:37:58.000000'),
(87, NULL, NULL, 3, '2022-05-07 04:52:03.000000', '2022-05-07 04:52:03.000000'),
(88, NULL, NULL, 4, '2022-05-07 04:54:23.000000', '2022-05-07 04:54:23.000000'),
(89, NULL, 259, NULL, '2022-05-12 22:59:49.000000', '2022-05-12 22:59:49.000000');

-- --------------------------------------------------------

--
-- Table structure for table `tbl_patient_profiles`
--

CREATE TABLE `tbl_patient_profiles` (
  `id` int(11) NOT NULL,
  `user_id` int(11) DEFAULT NULL,
  `school_id` int(255) DEFAULT NULL,
  `patient_role` varchar(255) NOT NULL,
  `employee_status` varchar(255) DEFAULT NULL,
  `first_name` text DEFAULT NULL,
  `middle_name` text DEFAULT NULL,
  `last_name` text DEFAULT NULL,
  `birthday` date DEFAULT NULL,
  `sex` text DEFAULT NULL,
  `address` varchar(255) DEFAULT NULL,
  `contact_number` varchar(255) DEFAULT NULL,
  `status` text DEFAULT NULL,
  `religion` varchar(255) NOT NULL,
  `nationality` text NOT NULL,
  `archived` tinyint(1) DEFAULT NULL,
  `created_at` timestamp(6) NOT NULL DEFAULT current_timestamp(6),
  `updated_at` timestamp(6) NOT NULL DEFAULT current_timestamp(6)
) ENGINE=InnoDB DEFAULT CHARSET=utf8mb4;

--
-- Dumping data for table `tbl_patient_profiles`
--

INSERT INTO `tbl_patient_profiles` (`id`, `user_id`, `school_id`, `patient_role`, `employee_status`, `first_name`, `middle_name`, `last_name`, `birthday`, `sex`, `address`, `contact_number`, `status`, `religion`, `nationality`, `archived`, `created_at`, `updated_at`) VALUES
(258, 32, 1000202012, 'Employee', 'TP', 'LIBERTY', 'LOVE', 'LEVINE', '2022-05-29', 'Female', 'ASPERIORES SIT DESE', '+19974593245', 'SINGLE', 'CATHOLIC', 'FILIPINO', 0, '2022-05-05 06:37:55.000000', '2022-05-05 06:37:55.000000'),
(259, NULL, 1000101012, 'Employee', 'TP', 'KRISHNA', 'SORIA', 'DOMAEL', '2000-02-22', 'Female', 'VOLUPTATEM QUIA SEQ', '+18298526733', 'SINGLE', 'CATHOLIC', 'FILIPINO', 0, '2022-05-12 22:59:47.000000', '2022-05-12 22:59:47.000000');

-- --------------------------------------------------------

--
-- Table structure for table `tbl_positions`
--

CREATE TABLE `tbl_positions` (
  `id` int(11) NOT NULL,
  `personnel_rank` text DEFAULT NULL,
  `department_id` int(11) DEFAULT NULL,
  `yearLevel_id` int(11) DEFAULT NULL,
  `health_evaluation_id` int(11) NOT NULL,
  `created_at` timestamp(6) NOT NULL DEFAULT current_timestamp(6),
  `updated_at` timestamp(6) NOT NULL DEFAULT current_timestamp(6)
) ENGINE=InnoDB DEFAULT CHARSET=utf8mb4;

--
-- Dumping data for table `tbl_positions`
--

INSERT INTO `tbl_positions` (`id`, `personnel_rank`, `department_id`, `yearLevel_id`, `health_evaluation_id`, `created_at`, `updated_at`) VALUES
(43, NULL, 4, NULL, 48, '2022-05-09 16:50:22.000000', '2022-05-09 16:50:22.000000'),
(44, NULL, 4, NULL, 49, '2022-05-09 17:18:46.000000', '2022-05-09 17:18:46.000000'),
(45, NULL, NULL, NULL, 50, '2022-05-09 17:30:57.000000', '2022-05-09 17:30:57.000000'),
(46, NULL, 4, NULL, 51, '2022-05-11 07:45:12.000000', '2022-05-11 07:45:12.000000');

-- --------------------------------------------------------

--
-- Table structure for table `tbl_provinces`
--

CREATE TABLE `tbl_provinces` (
  `id` int(11) NOT NULL,
  `province` varchar(255) NOT NULL,
  `created_at` timestamp(6) NOT NULL DEFAULT current_timestamp(6),
  `updated_at` timestamp(6) NOT NULL DEFAULT current_timestamp(6)
) ENGINE=InnoDB DEFAULT CHARSET=utf8mb4;

--
-- Dumping data for table `tbl_provinces`
--

INSERT INTO `tbl_provinces` (`id`, `province`, `created_at`, `updated_at`) VALUES
(1, 'Abra', '0000-00-00 00:00:00.000000', '0000-00-00 00:00:00.000000'),
(2, 'Agusan del Norte', '0000-00-00 00:00:00.000000', '0000-00-00 00:00:00.000000'),
(3, 'Agusan del Sur', '0000-00-00 00:00:00.000000', '0000-00-00 00:00:00.000000'),
(4, 'Aklan', '0000-00-00 00:00:00.000000', '0000-00-00 00:00:00.000000'),
(5, 'Albay', '0000-00-00 00:00:00.000000', '0000-00-00 00:00:00.000000'),
(6, 'Antique', '0000-00-00 00:00:00.000000', '0000-00-00 00:00:00.000000'),
(7, 'Apayao', '0000-00-00 00:00:00.000000', '0000-00-00 00:00:00.000000'),
(8, 'Aurora', '0000-00-00 00:00:00.000000', '0000-00-00 00:00:00.000000'),
(9, 'Basilan', '0000-00-00 00:00:00.000000', '0000-00-00 00:00:00.000000'),
(10, 'Bataan', '0000-00-00 00:00:00.000000', '0000-00-00 00:00:00.000000'),
(11, 'Batanes', '0000-00-00 00:00:00.000000', '0000-00-00 00:00:00.000000'),
(12, 'Batangas', '0000-00-00 00:00:00.000000', '0000-00-00 00:00:00.000000'),
(13, 'Benguet', '0000-00-00 00:00:00.000000', '0000-00-00 00:00:00.000000'),
(14, 'Biliran', '0000-00-00 00:00:00.000000', '0000-00-00 00:00:00.000000'),
(15, 'Bohol', '0000-00-00 00:00:00.000000', '0000-00-00 00:00:00.000000'),
(16, 'Bukidnon', '0000-00-00 00:00:00.000000', '0000-00-00 00:00:00.000000'),
(17, 'Bulacan', '0000-00-00 00:00:00.000000', '0000-00-00 00:00:00.000000'),
(18, 'Cagayan', '0000-00-00 00:00:00.000000', '0000-00-00 00:00:00.000000'),
(19, 'Camarines Norte', '0000-00-00 00:00:00.000000', '0000-00-00 00:00:00.000000'),
(20, 'Camarines Sur', '0000-00-00 00:00:00.000000', '0000-00-00 00:00:00.000000'),
(21, 'Camiguin', '0000-00-00 00:00:00.000000', '0000-00-00 00:00:00.000000'),
(22, 'Capiz', '0000-00-00 00:00:00.000000', '0000-00-00 00:00:00.000000'),
(23, 'Catanduanes', '0000-00-00 00:00:00.000000', '0000-00-00 00:00:00.000000'),
(24, 'Cavite', '0000-00-00 00:00:00.000000', '0000-00-00 00:00:00.000000'),
(25, 'Cebu', '0000-00-00 00:00:00.000000', '0000-00-00 00:00:00.000000'),
(26, 'Compostela Valley', '0000-00-00 00:00:00.000000', '0000-00-00 00:00:00.000000'),
(27, 'Cotabato', '0000-00-00 00:00:00.000000', '0000-00-00 00:00:00.000000'),
(28, 'Davao del Norte', '0000-00-00 00:00:00.000000', '0000-00-00 00:00:00.000000'),
(29, 'Davao del Sur', '0000-00-00 00:00:00.000000', '0000-00-00 00:00:00.000000'),
(30, 'Davao Occidental', '0000-00-00 00:00:00.000000', '0000-00-00 00:00:00.000000'),
(31, 'Davao Oriental', '0000-00-00 00:00:00.000000', '0000-00-00 00:00:00.000000'),
(32, 'Dinagat Islands', '0000-00-00 00:00:00.000000', '0000-00-00 00:00:00.000000'),
(33, 'Eastern Samar', '0000-00-00 00:00:00.000000', '0000-00-00 00:00:00.000000'),
(34, 'Guimaras', '0000-00-00 00:00:00.000000', '0000-00-00 00:00:00.000000'),
(35, 'Ifugao', '0000-00-00 00:00:00.000000', '0000-00-00 00:00:00.000000'),
(36, 'Ilocos norte', '0000-00-00 00:00:00.000000', '0000-00-00 00:00:00.000000'),
(37, 'Ilocos sur', '0000-00-00 00:00:00.000000', '0000-00-00 00:00:00.000000'),
(38, 'Iloilo', '0000-00-00 00:00:00.000000', '0000-00-00 00:00:00.000000'),
(39, 'Isabela', '0000-00-00 00:00:00.000000', '0000-00-00 00:00:00.000000'),
(40, 'Kalinga', '0000-00-00 00:00:00.000000', '0000-00-00 00:00:00.000000'),
(41, 'La Union', '0000-00-00 00:00:00.000000', '0000-00-00 00:00:00.000000'),
(42, 'Laguna', '0000-00-00 00:00:00.000000', '0000-00-00 00:00:00.000000'),
(43, 'Lanao del Norte', '0000-00-00 00:00:00.000000', '0000-00-00 00:00:00.000000'),
(44, 'Lanao del Sur', '0000-00-00 00:00:00.000000', '0000-00-00 00:00:00.000000'),
(45, 'Leyte', '0000-00-00 00:00:00.000000', '0000-00-00 00:00:00.000000'),
(46, 'Maguindanao', '0000-00-00 00:00:00.000000', '0000-00-00 00:00:00.000000'),
(47, 'Mandaue', '0000-00-00 00:00:00.000000', '0000-00-00 00:00:00.000000'),
(48, 'Marinduque', '0000-00-00 00:00:00.000000', '0000-00-00 00:00:00.000000'),
(49, 'Masbate', '0000-00-00 00:00:00.000000', '0000-00-00 00:00:00.000000'),
(50, 'Misamis Occidental', '0000-00-00 00:00:00.000000', '0000-00-00 00:00:00.000000'),
(51, 'Misamis Oriental', '0000-00-00 00:00:00.000000', '0000-00-00 00:00:00.000000'),
(52, 'Mountain Province', '0000-00-00 00:00:00.000000', '0000-00-00 00:00:00.000000'),
(53, 'Negros Occidental', '0000-00-00 00:00:00.000000', '0000-00-00 00:00:00.000000'),
(54, 'Negros Oriental', '0000-00-00 00:00:00.000000', '0000-00-00 00:00:00.000000'),
(55, 'Northern Samar', '0000-00-00 00:00:00.000000', '0000-00-00 00:00:00.000000'),
(56, 'Nueva Ecija', '0000-00-00 00:00:00.000000', '0000-00-00 00:00:00.000000'),
(57, 'Nueva Vizcaya', '0000-00-00 00:00:00.000000', '0000-00-00 00:00:00.000000'),
(58, 'Occidental Mindoro', '0000-00-00 00:00:00.000000', '0000-00-00 00:00:00.000000'),
(59, 'Oriental Mindoro', '0000-00-00 00:00:00.000000', '0000-00-00 00:00:00.000000'),
(60, 'Palawan ', '0000-00-00 00:00:00.000000', '0000-00-00 00:00:00.000000'),
(61, 'Pampanga', '0000-00-00 00:00:00.000000', '0000-00-00 00:00:00.000000'),
(62, 'Pangasinan', '0000-00-00 00:00:00.000000', '0000-00-00 00:00:00.000000'),
(63, 'Quezon', '0000-00-00 00:00:00.000000', '0000-00-00 00:00:00.000000'),
(64, 'Quirino', '0000-00-00 00:00:00.000000', '0000-00-00 00:00:00.000000'),
(65, 'Rizal', '0000-00-00 00:00:00.000000', '0000-00-00 00:00:00.000000'),
(66, 'Romblon', '0000-00-00 00:00:00.000000', '0000-00-00 00:00:00.000000'),
(67, 'Samar', '0000-00-00 00:00:00.000000', '0000-00-00 00:00:00.000000'),
(68, 'Sarangani', '0000-00-00 00:00:00.000000', '0000-00-00 00:00:00.000000'),
(69, 'Siquijor', '0000-00-00 00:00:00.000000', '0000-00-00 00:00:00.000000'),
(70, 'Sorsogon', '0000-00-00 00:00:00.000000', '0000-00-00 00:00:00.000000'),
(71, 'South Cotabato', '0000-00-00 00:00:00.000000', '0000-00-00 00:00:00.000000'),
(72, 'Southern Leyte', '0000-00-00 00:00:00.000000', '0000-00-00 00:00:00.000000'),
(73, 'Sultan Kudarat', '0000-00-00 00:00:00.000000', '0000-00-00 00:00:00.000000'),
(74, 'Sulu', '0000-00-00 00:00:00.000000', '0000-00-00 00:00:00.000000'),
(75, 'Surigao del Norte', '0000-00-00 00:00:00.000000', '0000-00-00 00:00:00.000000'),
(76, 'Surigao del Sur', '0000-00-00 00:00:00.000000', '0000-00-00 00:00:00.000000'),
(77, 'Tarlac ', '0000-00-00 00:00:00.000000', '0000-00-00 00:00:00.000000'),
(78, 'Tawi-Tawi', '0000-00-00 00:00:00.000000', '0000-00-00 00:00:00.000000'),
(79, 'Zambales', '0000-00-00 00:00:00.000000', '0000-00-00 00:00:00.000000'),
(80, 'Zamboanga del Norte', '0000-00-00 00:00:00.000000', '0000-00-00 00:00:00.000000'),
(81, 'Zamboanga del Sur', '0000-00-00 00:00:00.000000', '0000-00-00 00:00:00.000000'),
(82, 'Zamboanga Sibugay', '0000-00-00 00:00:00.000000', '0000-00-00 00:00:00.000000');

-- --------------------------------------------------------

--
-- Table structure for table `tbl_remarks`
--

CREATE TABLE `tbl_remarks` (
  `id` int(11) NOT NULL,
  `remark` varchar(255) DEFAULT NULL,
  `patient_id` int(11) DEFAULT NULL,
  `visitor_id` int(11) DEFAULT NULL,
  `created_at` timestamp NOT NULL DEFAULT current_timestamp(),
  `updated_at` timestamp NOT NULL DEFAULT current_timestamp()
) ENGINE=InnoDB DEFAULT CHARSET=utf8mb4;

--
-- Dumping data for table `tbl_remarks`
--

INSERT INTO `tbl_remarks` (`id`, `remark`, `patient_id`, `visitor_id`, `created_at`, `updated_at`) VALUES
(47, NULL, 258, NULL, '2022-05-05 06:37:58', '2022-05-05 06:37:58'),
(48, NULL, NULL, 4, '2022-05-07 04:54:23', '2022-05-07 04:54:23'),
(49, NULL, 259, NULL, '2022-05-12 22:59:49', '2022-05-12 22:59:49');

-- --------------------------------------------------------

--
-- Table structure for table `tbl_siblings`
--

CREATE TABLE `tbl_siblings` (
  `id` int(11) NOT NULL,
  `complete_name` text DEFAULT NULL,
  `age` int(34) DEFAULT NULL,
  `sex` text DEFAULT NULL,
  `patient_id` int(11) NOT NULL,
  `created_at` timestamp(6) NOT NULL DEFAULT current_timestamp(6),
  `updated_at` timestamp(6) NOT NULL DEFAULT current_timestamp(6)
) ENGINE=InnoDB DEFAULT CHARSET=utf8mb4;

--
-- Dumping data for table `tbl_siblings`
--

INSERT INTO `tbl_siblings` (`id`, `complete_name`, `age`, `sex`, `patient_id`, `created_at`, `updated_at`) VALUES
(139, 'MEREDITH MCFADDEN', 11, 'FEMALE', 258, '2022-05-05 06:37:56.000000', '2022-05-05 06:37:56.000000'),
(140, 'SASHA BARRON', 11, 'FEMALE', 259, '2022-05-12 22:59:48.000000', '2022-05-12 22:59:48.000000');

-- --------------------------------------------------------

--
-- Table structure for table `tbl_vaccines`
--

CREATE TABLE `tbl_vaccines` (
  `id` int(11) NOT NULL,
  `vaccine_name` varchar(255) NOT NULL,
  `created_at` timestamp(6) NOT NULL DEFAULT current_timestamp(6),
  `updated_at` timestamp(6) NOT NULL DEFAULT current_timestamp(6)
) ENGINE=InnoDB DEFAULT CHARSET=utf8mb4;

--
-- Dumping data for table `tbl_vaccines`
--

INSERT INTO `tbl_vaccines` (`id`, `vaccine_name`, `created_at`, `updated_at`) VALUES
(1, 'BCG', '0000-00-00 00:00:00.000000', '0000-00-00 00:00:00.000000'),
(2, 'HEPATITIS B', '0000-00-00 00:00:00.000000', '0000-00-00 00:00:00.000000'),
(3, 'PENTAVALENT VACCINE (DPT- HEP B - HiB)', '0000-00-00 00:00:00.000000', '0000-00-00 00:00:00.000000'),
(4, 'ORAL POLIO VACCINE (OPV)', '0000-00-00 00:00:00.000000', '0000-00-00 00:00:00.000000'),
(5, 'INACTIVATED POLIO VACCINE (IPV)', '0000-00-00 00:00:00.000000', '0000-00-00 00:00:00.000000'),
(6, 'PNEUMOCOCCAL CONJUGATE VACCINE (PCV)', '0000-00-00 00:00:00.000000', '0000-00-00 00:00:00.000000'),
(7, 'MEASILES, MUMPS, RUBELLA (MMR)', '0000-00-00 00:00:00.000000', '0000-00-00 00:00:00.000000');

-- --------------------------------------------------------

--
-- Table structure for table `tbl_visitors`
--

CREATE TABLE `tbl_visitors` (
  `id` int(11) NOT NULL,
  `user_id` int(11) DEFAULT NULL,
  `patient_id` int(11) NOT NULL,
  `patient_relationship` varchar(255) NOT NULL,
  `patient_role` text NOT NULL,
  `first_name` text NOT NULL,
  `middle_name` text NOT NULL,
  `last_name` text NOT NULL,
  `birthday` date NOT NULL,
  `sex` text NOT NULL,
  `address` varchar(255) NOT NULL,
  `contact_number` varchar(255) NOT NULL,
  `status` text NOT NULL,
  `religion` varchar(255) NOT NULL,
  `nationality` text NOT NULL,
  `archived` tinyint(1) NOT NULL,
  `created_at` timestamp(6) NOT NULL DEFAULT current_timestamp(6),
  `updated_at` timestamp(6) NOT NULL DEFAULT current_timestamp(6)
) ENGINE=InnoDB DEFAULT CHARSET=utf8mb4;

--
-- Dumping data for table `tbl_visitors`
--

INSERT INTO `tbl_visitors` (`id`, `user_id`, `patient_id`, `patient_relationship`, `patient_role`, `first_name`, `middle_name`, `last_name`, `birthday`, `sex`, `address`, `contact_number`, `status`, `religion`, `nationality`, `archived`, `created_at`, `updated_at`) VALUES
(4, NULL, 257, 'brother', 'Visitor', 'JONAS', 'MCCALL', 'TRAVIS', '2022-05-27', 'Male', 'EST EST ID VENIAM', '+17358148961', 'SINGLE', 'CATHOLIC', 'FILIPINO', 0, '2022-05-07 04:54:22.000000', '2022-05-07 04:54:22.000000');

-- --------------------------------------------------------

--
-- Table structure for table `users`
--

CREATE TABLE `users` (
  `id` int(11) NOT NULL,
  `username` varchar(255) COLLATE utf8mb4_unicode_ci NOT NULL,
  `email` varchar(255) COLLATE utf8mb4_unicode_ci DEFAULT NULL,
  `password` varchar(255) COLLATE utf8mb4_unicode_ci NOT NULL,
  `rank` varchar(255) COLLATE utf8mb4_unicode_ci NOT NULL,
  `archived` tinyint(1) DEFAULT NULL,
  `date_time` varchar(255) COLLATE utf8mb4_unicode_ci DEFAULT NULL,
  `created_at` timestamp NULL DEFAULT current_timestamp(),
  `updated_at` timestamp NULL DEFAULT current_timestamp()
) ENGINE=InnoDB DEFAULT CHARSET=utf8mb4 COLLATE=utf8mb4_unicode_ci;

--
-- Dumping data for table `users`
--

INSERT INTO `users` (`id`, `username`, `email`, `password`, `rank`, `archived`, `date_time`, `created_at`, `updated_at`) VALUES
(1, 'clinicstaff', NULL, '$2y$10$Blmtc6xDKHFAI6XgxQIL6O0VMrcRPBv5ACzGgBEj8l1P9Fd3MHbIS', 'clinicstaff', 0, NULL, '2021-11-17 15:30:19', '2021-11-17 15:30:19'),
(2, 'doctor', NULL, '$2y$10$lfhd5mIUZT.5zW7SfIDfv.Zzd8iyKSZktlAY1j2LJq5mI4mC8CgJy', 'doctor', 0, NULL, '2021-11-17 15:30:19', '2021-11-17 15:30:19'),
(23, '1000202023', 'cata@gmail.com', '$2y$10$ryoYnBTjTd8NfqCx7UsGEuXHxVwfNT6MEav8O7rLF.D5AgBR3SdI.', 'patient', 0, NULL, '2022-04-20 22:17:49', '2022-04-20 22:17:49'),
(24, '1000202024', 'castillo@gmail.com', '$2y$10$Bp7e6Bjwvbzf8qI0Y0oLY..6FKgqm3as.tyrRgtvyEtLg0WGbld9S', 'patient', 0, NULL, '2022-04-20 22:17:49', '2022-04-20 22:17:49'),
(25, '1000202025', 'domael@gmail.com', '$2y$10$tCqAdap.ZbH6vmdh0W.iue1ZAZQLfgQhCWO83/S4jd1yuC02ndaT.', 'patient', 0, NULL, '2022-04-20 22:17:49', '2022-04-20 22:17:49'),
(26, '1000202026', 'cortez@gmail.com', '$2y$10$AY5Doox02tpyFwMYFuQUTeILxydPiutRuPs8jYaA3ywhDMR4l4i0u', 'patient', 0, NULL, '2022-04-20 22:17:49', '2022-04-20 22:17:49'),
(27, '1000202027', 'cabillan@gmail.com', '$2y$10$LmUGiiovXwJ/c776ISuXEe.pg/nXiCtod4j5a1pgWDgwHInNQpQDq', 'patient', 0, NULL, '2022-04-20 22:17:49', '2022-04-20 22:17:49'),
(28, '1000202028', 'jati@gmail.com', '$2y$10$F3zitEKNNsG/n2ObAlSZIuAdYgj5uXKbxCne1sn8T9flUXgyF.Siu', 'patient', 0, NULL, '2022-04-20 22:17:49', '2022-04-20 22:17:49'),
(29, '1000202029', 'nola@gmail.com', '$2y$10$m4pU5VTIqVYqVZ3hX4Hya.t3Trx7bJ0L.omdcqkotfoFqtZ6Lh0aG', 'patient', 0, NULL, '2022-04-20 22:17:49', '2022-04-20 22:17:49'),
(30, '1000202010', 'miguelles@gmail.com', '$2y$10$CxjNn4uGQLzaemysa13ESOSXon29DUCG/rbKRcVUsiGrdz94AKuBu', 'patient', 0, NULL, '2022-04-20 22:17:49', '2022-05-13 01:31:48'),
(32, '1000202012', 'harrid@gmail.com', '$2y$10$wZfUM7XeV5ywOTCI5O92IOWF6LC/KGCqo.HVr8sfHa00MCj067N7u', 'patient', 0, NULL, '2022-04-20 22:17:50', '2022-05-13 01:41:36'),
(33, '1000202013', 'sefuentes@gmail.com', '$2y$10$OlzoxKzyfoSa9Lqd6F6ovOyNYGRjyATxUeBstedLUxiuw4LJ7V5BO', 'patient', 1, '', '2022-04-20 22:17:50', '2022-04-20 23:58:38'),
(34, '1000202014', 'ansit@gmail.com', '$2y$10$X2ZxsjKgdXFIDQjibRNdEezQKVbc6SMwnQioVv.E9qhRcSMacrIsm', 'patient', 0, NULL, '2022-04-20 22:17:50', '2022-04-20 22:17:50'),
(35, '1000202015', 'mondala@gmail.com', '$2y$10$aZLE2ayAV.HkIbATznVAyuCcQ6LjWRAQR5v/nCnXB590Jik1/WiR6', 'patient', 0, NULL, '2022-04-20 22:17:50', '2022-04-20 22:17:50'),
(36, '1000202016', 'aton@gmail.com', '$2y$10$jLxtMjBaWUsXvhqmnRyQ8.0/5BqALbsrZsBac4Lp17zCSTMujAMLq', 'patient', 0, NULL, '2022-04-20 22:17:50', '2022-04-20 22:17:50'),
(37, '1000202017', 'calo@gmail.com', '$2y$10$c4hMzzSLXY3eXeK33fzeceeeQERdW80q/REGLZlN/Y1OhnJQHx85S', 'patient', 0, NULL, '2022-04-20 22:17:50', '2022-04-20 22:17:50'),
(38, '1000202018', 'roma@gmail.com', '$2y$10$aJvEUaqykvm1inSqNEWbz.oDZRXWmcveesNWnZSg67JYLbyf9ocWm', 'patient', 0, NULL, '2022-04-20 22:17:50', '2022-04-20 22:17:50'),
(39, '1000202019', 'mariel@gmail.com', '$2y$10$njav.BKkhvEGTcMDX47E3OaD.2/5O75tD.TsI7M4db.Gnmegz6f.a', 'patient', 0, NULL, '2022-04-20 22:17:51', '2022-04-20 22:17:51'),
(40, '1000202020', 'mamacos@gmail.com', '$2y$10$/PyqtizeuB69qtPX9uv.D.KAUqS.jC2HhPYJMIIJKfMyZC8ZyGehW', 'patient', 0, NULL, '2022-04-20 22:17:51', '2022-04-20 22:17:51'),
(41, '1000202021', 'kit@gmail.com', '$2y$10$TcZ3dCbTpdBhaEwXk23oSuOrSsMbpq1jyRK.1nUl4SOzVDpiV0tNK', 'patient', 0, NULL, '2022-04-20 22:17:51', '2022-04-20 22:17:51'),
(42, '1000202022', 'oriel@gmail.com', '$2y$10$OegLmzuCMSR5hoYYMrxGZO0.UkTSzTZyLNcCEi0nzMH5bLKiDFRB2', 'patient', 0, NULL, '2022-04-20 22:17:51', '2022-04-20 22:17:51'),
(43, '1000202023', 'adalim@gmail.com', '$2y$10$/GVqJOuZnM7IYs.dZLuy9eIQx4Fn/0Qt5Tan2mMFRDTBpdNWYyyxa', 'patient', 0, NULL, '2022-04-20 22:17:51', '2022-04-20 22:17:51'),
(44, '1000202024', 'bacus@gmail.com', '$2y$10$bWOGV3/8XW//SRh/DaTrBefDe4ceE2DzHWEDrfPh02NxT7/BXYkVC', 'patient', 0, NULL, '2022-04-20 22:17:51', '2022-04-20 22:17:51'),
(45, '1000202025', 'nesor@gmail.com', '$2y$10$qk3/OJUuNd7lX02Hq7d9P.oLKctvH54e517ViMXYmcS0knyM36uhG', 'patient', 0, NULL, '2022-04-20 22:17:51', '2022-04-20 22:17:51'),
(46, '1000202026', 'oriel@gmail.com', '$2y$10$ir25YqA6Rd34YAL4FK2HQeLzN0Mw2x9yfqiR8rVCQkbUY3nqUO67W', 'patient', 0, NULL, '2022-04-20 22:17:51', '2022-04-20 22:17:51'),
(47, '1000202027', 'solon@gmail.com', '$2y$10$pCEq9bVe1OYPJMR2I7FkReYj4u6qWdRnYmY0JuE0URskKO0aVFy2a', 'patient', 0, NULL, '2022-04-20 22:17:52', '2022-04-20 22:17:52'),
(48, '1000202028', 'eujem@gmail.com', '$2y$10$hgPGLJa5bshxvI60LuW9zOT9Ur2KsP2o8WEneSbL1QjsEz.i/qOm2', 'patient', 0, NULL, '2022-04-20 22:17:52', '2022-04-20 22:17:52'),
(49, '1000202029', 'tumabang@gmail.com', '$2y$10$kHrVhMRd.OKugMrQwjxYje8P1.QXRdJp6Ba/IaldRiLPh0nz9T6NK', 'patient', 0, NULL, '2022-04-20 22:17:52', '2022-04-20 22:17:52'),
(50, '1000202030', 'yambao@gmail.com', '$2y$10$G034FOJL/lnsxqDIWc6z2uGaGog6eFzFqLSevXdt8XDx.UygF8rk.', 'patient', 0, NULL, '2022-04-20 22:17:52', '2022-04-20 22:17:52'),
(51, '1000202031', 'albaracin@gmail.com', '$2y$10$geDD/FuuzKVvwg/2CUaRT.rACd1o7c9ZW.29UYnxxN36MLnEHqcze', 'patient', 0, NULL, '2022-04-20 22:17:52', '2022-04-20 22:17:52'),
(52, '1000202032', 'nigat@gmail.com', '$2y$10$dQlJ6kf0tz5S6XQpLKJGCOIXa1ttrK7qYfpZhyEBAFq8SdIUgpXR2', 'patient', 0, NULL, '2022-04-20 22:17:52', '2022-04-20 22:17:52'),
(53, '1000202033', 'ruelan@gmail.com', '$2y$10$V8kMWi9SePb3HMeGnrUh/.RYNCs0yeULbutzJWr7WB5pdRW6LVr6q', 'patient', 0, NULL, '2022-04-20 22:17:52', '2022-04-20 22:17:52'),
(54, '1000202034', 'sunshine@gmail.com', '$2y$10$eho5W7vBF7dOgt5oIW97u.tUpieMN3Wph63kQAxFujzM3e8c20fM2', 'patient', 0, NULL, '2022-04-20 22:17:53', '2022-04-20 22:17:53'),
(55, '1000202035', 'versoza@gmail.com', '$2y$10$d7gxr513QQqc5g4ZX8AzF.cDyufHvUd3Nx8I8X7shQhuguDaArn12', 'patient', 0, NULL, '2022-04-20 22:17:53', '2022-04-20 22:17:53'),
(56, '1000202036', 'ryan@gmail.com', '$2y$10$g1hrKNeJskBTPe3YhIs48.OSssZhOzmnK9VXHNclQP45hOgRpqKCa', 'patient', 0, NULL, '2022-04-20 22:17:53', '2022-04-20 22:17:53'),
(57, '1000202037', 'brent@gmail.com', '$2y$10$Ocja/sJ1pxDwRb20cC0nZevf4lw1oAQm9poV1QvHRURBuss4/4LRm', 'patient', 0, NULL, '2022-04-20 22:17:53', '2022-04-20 22:17:53'),
(58, '1000202038', 'dianne@gmail.com', '$2y$10$4QW5qpdbqocWu2gMoXj5YuFOitFHYS1JsJVNSc13.vRHZ1nghNg5m', 'patient', 0, NULL, '2022-04-20 22:17:53', '2022-04-20 22:17:53'),
(59, '1000202039', 'dominic@gmail.com', '$2y$10$PjnWZxoZ5sAp0pNszT47Z.RCAgjlCZT.qN7NKQtQpYsAbzz6Swstm', 'patient', 0, NULL, '2022-04-20 22:17:53', '2022-04-20 22:17:53'),
(60, '1000202040', 'lilia@gmail.com', '$2y$10$JvNk0C6.Clm/vPJfxQp0F.FPes5Ggepm4ecMlbCuxdzOd/RBwiDNe', 'patient', 0, NULL, '2022-04-20 22:17:53', '2022-04-20 22:17:53'),
(61, '1000202041', 'toto@gmail.com', '$2y$10$QWCS6smvEkHoWKQeLujF4uCFFbwLH3PMLLoNMLx4DMHVh1AMB8Y7K', 'patient', 0, NULL, '2022-04-20 22:17:53', '2022-04-20 22:17:53'),
(62, '1000203040', 'cmitzmia@gmail.com', '$2y$10$1eaMyL7deFYcr3EMwDxVl.HfXfwBW17./f39hFeY8RrmkA4ojCdMW', 'patient', 0, 'Thu, Apr 21, 2022 9:19 AM', '2022-04-21 01:18:39', '2022-04-21 01:19:11'),
(63, '1000202020', 'sample@gmail.com', '$2y$10$uTT6KGeM8v4tTYKdisz3WuCSwN9c9k9g0ekxvxuUYxarRwLvVpdCm', 'patient', NULL, NULL, '2022-04-21 01:20:35', '2022-04-21 01:20:35'),
(64, '1000202022', 'sample2@gmail.com', '$2y$10$BKUmn0OeRCcTOG9GbHWJO.1Kl52N5q2riQ6a0vOx1gqR0zwFHBlFm', 'patient', NULL, NULL, '2022-04-21 01:20:35', '2022-04-21 01:20:35');

--
-- Indexes for dumped tables
--

--
-- Indexes for table `activity_logs`
--
ALTER TABLE `activity_logs`
  ADD PRIMARY KEY (`id`);

--
-- Indexes for table `failed_jobs`
--
ALTER TABLE `failed_jobs`
  ADD PRIMARY KEY (`id`),
  ADD UNIQUE KEY `failed_jobs_uuid_unique` (`uuid`);

--
-- Indexes for table `migrations`
--
ALTER TABLE `migrations`
  ADD PRIMARY KEY (`id`);

--
-- Indexes for table `personal_access_tokens`
--
ALTER TABLE `personal_access_tokens`
  ADD PRIMARY KEY (`id`),
  ADD UNIQUE KEY `personal_access_tokens_token_unique` (`token`),
  ADD KEY `personal_access_tokens_tokenable_type_tokenable_id_index` (`tokenable_type`,`tokenable_id`);

--
-- Indexes for table `tblparents`
--
ALTER TABLE `tblparents`
  ADD PRIMARY KEY (`id`),
  ADD KEY `tblparents_ibfk_1` (`patient_id`);

--
-- Indexes for table `tbl_allergies`
--
ALTER TABLE `tbl_allergies`
  ADD PRIMARY KEY (`id`),
  ADD KEY `tbl_allergies_ibfk_1` (`patient_id`);

--
-- Indexes for table `tbl_appointments`
--
ALTER TABLE `tbl_appointments`
  ADD PRIMARY KEY (`id`),
  ADD KEY `tbl_appointments_ibfk_1` (`patient_id`);

--
-- Indexes for table `tbl_behavioral_problems`
--
ALTER TABLE `tbl_behavioral_problems`
  ADD PRIMARY KEY (`id`),
  ADD KEY `tbl_behavioral_problems_ibfk_1` (`patient_id`);

--
-- Indexes for table `tbl_cancers`
--
ALTER TABLE `tbl_cancers`
  ADD PRIMARY KEY (`id`),
  ADD KEY `tbl_cancers_ibfk_1` (`patient_id`);

--
-- Indexes for table `tbl_chief_complaints`
--
ALTER TABLE `tbl_chief_complaints`
  ADD PRIMARY KEY (`id`);

--
-- Indexes for table `tbl_cities`
--
ALTER TABLE `tbl_cities`
  ADD PRIMARY KEY (`id`);

--
-- Indexes for table `tbl_complaints`
--
ALTER TABLE `tbl_complaints`
  ADD PRIMARY KEY (`id`),
  ADD KEY `tbl_complaints_ibfk_2` (`health_evaluation_id`),
  ADD KEY `tbl_complaints_ibfk_1` (`chief_complaints_id`);

--
-- Indexes for table `tbl_departments`
--
ALTER TABLE `tbl_departments`
  ADD PRIMARY KEY (`id`);

--
-- Indexes for table `tbl_deseases`
--
ALTER TABLE `tbl_deseases`
  ADD PRIMARY KEY (`id`);

--
-- Indexes for table `tbl_family_deseases`
--
ALTER TABLE `tbl_family_deseases`
  ADD PRIMARY KEY (`id`),
  ADD KEY `tbl_family_deseases_ibfk_1` (`desease_id`),
  ADD KEY `tbl_family_deseases_ibfk_2` (`patient_id`);

--
-- Indexes for table `tbl_fractures`
--
ALTER TABLE `tbl_fractures`
  ADD PRIMARY KEY (`id`),
  ADD KEY `tbl_fractures_ibfk_1` (`patient_id`);

--
-- Indexes for table `tbl_gradelevels`
--
ALTER TABLE `tbl_gradelevels`
  ADD PRIMARY KEY (`id`);

--
-- Indexes for table `tbl_guardians`
--
ALTER TABLE `tbl_guardians`
  ADD PRIMARY KEY (`id`),
  ADD KEY `tbl_guardians_ibfk_2` (`patient_id`);

--
-- Indexes for table `tbl_health_evaluations`
--
ALTER TABLE `tbl_health_evaluations`
  ADD PRIMARY KEY (`id`),
  ADD KEY `tbl_health_evaluations_ibfk_1` (`patient_id`);

--
-- Indexes for table `tbl_history_illnesses`
--
ALTER TABLE `tbl_history_illnesses`
  ADD PRIMARY KEY (`id`),
  ADD KEY `tbl_history_illnesses_ibfk_1` (`illness_id`),
  ADD KEY `tbl_history_illnesses_ibfk_2` (`patient_id`);

--
-- Indexes for table `tbl_hospitalizations`
--
ALTER TABLE `tbl_hospitalizations`
  ADD PRIMARY KEY (`id`),
  ADD KEY `tbl_hospitalizations_ibfk_1` (`patient_id`);

--
-- Indexes for table `tbl_illnesses`
--
ALTER TABLE `tbl_illnesses`
  ADD PRIMARY KEY (`id`);

--
-- Indexes for table `tbl_immunizations`
--
ALTER TABLE `tbl_immunizations`
  ADD PRIMARY KEY (`id`),
  ADD KEY `tbl_immunizations_ibfk_1` (`vaccine_id`),
  ADD KEY `tbl_immunizations_ibfk_2` (`patient_id`);

--
-- Indexes for table `tbl_locations`
--
ALTER TABLE `tbl_locations`
  ADD PRIMARY KEY (`id`),
  ADD KEY `tbl_locations_ibfk_1` (`guardian_id`);

--
-- Indexes for table `tbl_maintenance`
--
ALTER TABLE `tbl_maintenance`
  ADD PRIMARY KEY (`id`),
  ADD KEY `tbl_maintenance_ibfk_1` (`patient_id`);

--
-- Indexes for table `tbl_medical_supplies`
--
ALTER TABLE `tbl_medical_supplies`
  ADD PRIMARY KEY (`id`),
  ADD KEY `tbl_medicines_ibfk_1` (`med_type_id`),
  ADD KEY `tbl_medical_supplies_ibfk_2` (`packaging_id`);

--
-- Indexes for table `tbl_meds_packaging_types`
--
ALTER TABLE `tbl_meds_packaging_types`
  ADD PRIMARY KEY (`id`);

--
-- Indexes for table `tbl_meds_released_histories`
--
ALTER TABLE `tbl_meds_released_histories`
  ADD PRIMARY KEY (`id`),
  ADD KEY `tbl_meds_released_histories_ibfk_1` (`med_supply_id`);

--
-- Indexes for table `tbl_med_types`
--
ALTER TABLE `tbl_med_types`
  ADD PRIMARY KEY (`id`);

--
-- Indexes for table `tbl_messages`
--
ALTER TABLE `tbl_messages`
  ADD PRIMARY KEY (`id`),
  ADD KEY `tbl_messages_ibfk_1` (`sender`),
  ADD KEY `tbl_messages_ibfk_2` (`event_id`),
  ADD KEY `tbl_messages_ibfk_3` (`receiver`);

--
-- Indexes for table `tbl_operations`
--
ALTER TABLE `tbl_operations`
  ADD PRIMARY KEY (`id`),
  ADD KEY `tbl_operations_ibfk_1` (`patient_id`);

--
-- Indexes for table `tbl_other_chief_complaints`
--
ALTER TABLE `tbl_other_chief_complaints`
  ADD PRIMARY KEY (`id`),
  ADD KEY `tbl_other_chief_complaints_ibfk1` (`health_evaluation_id`);

--
-- Indexes for table `tbl_other_deseases`
--
ALTER TABLE `tbl_other_deseases`
  ADD PRIMARY KEY (`id`),
  ADD KEY `tbl_other_deseases_ibfk_1` (`patient_id`);

--
-- Indexes for table `tbl_other_illnesses`
--
ALTER TABLE `tbl_other_illnesses`
  ADD PRIMARY KEY (`id`),
  ADD KEY `tbl_other_illnesses_ibfk_1` (`patient_id`);

--
-- Indexes for table `tbl_patient_profiles`
--
ALTER TABLE `tbl_patient_profiles`
  ADD PRIMARY KEY (`id`),
  ADD KEY `tbl_patient_profiles_ibfk_1` (`user_id`);

--
-- Indexes for table `tbl_positions`
--
ALTER TABLE `tbl_positions`
  ADD PRIMARY KEY (`id`),
  ADD KEY `tbl_personel_position_ibfk_2` (`department_id`),
  ADD KEY `tbl_personel_position_ibfk_1` (`health_evaluation_id`),
  ADD KEY `tbl_personel_position_ibfk_3` (`yearLevel_id`);

--
-- Indexes for table `tbl_provinces`
--
ALTER TABLE `tbl_provinces`
  ADD PRIMARY KEY (`id`);

--
-- Indexes for table `tbl_remarks`
--
ALTER TABLE `tbl_remarks`
  ADD PRIMARY KEY (`id`),
  ADD KEY `tbl_remarks_ibfk_1` (`patient_id`);

--
-- Indexes for table `tbl_siblings`
--
ALTER TABLE `tbl_siblings`
  ADD PRIMARY KEY (`id`),
  ADD KEY `tbl_siblings_ibfk_1` (`patient_id`);

--
-- Indexes for table `tbl_vaccines`
--
ALTER TABLE `tbl_vaccines`
  ADD PRIMARY KEY (`id`);

--
-- Indexes for table `tbl_visitors`
--
ALTER TABLE `tbl_visitors`
  ADD PRIMARY KEY (`id`);

--
-- Indexes for table `users`
--
ALTER TABLE `users`
  ADD PRIMARY KEY (`id`);

--
-- AUTO_INCREMENT for dumped tables
--

--
-- AUTO_INCREMENT for table `activity_logs`
--
ALTER TABLE `activity_logs`
  MODIFY `id` int(11) NOT NULL AUTO_INCREMENT, AUTO_INCREMENT=206;

--
-- AUTO_INCREMENT for table `failed_jobs`
--
ALTER TABLE `failed_jobs`
  MODIFY `id` bigint(20) UNSIGNED NOT NULL AUTO_INCREMENT;

--
-- AUTO_INCREMENT for table `migrations`
--
ALTER TABLE `migrations`
  MODIFY `id` int(10) UNSIGNED NOT NULL AUTO_INCREMENT, AUTO_INCREMENT=11;

--
-- AUTO_INCREMENT for table `personal_access_tokens`
--
ALTER TABLE `personal_access_tokens`
  MODIFY `id` bigint(20) UNSIGNED NOT NULL AUTO_INCREMENT;

--
-- AUTO_INCREMENT for table `tblparents`
--
ALTER TABLE `tblparents`
  MODIFY `id` int(11) NOT NULL AUTO_INCREMENT, AUTO_INCREMENT=471;

--
-- AUTO_INCREMENT for table `tbl_allergies`
--
ALTER TABLE `tbl_allergies`
  MODIFY `id` int(11) NOT NULL AUTO_INCREMENT, AUTO_INCREMENT=92;

--
-- AUTO_INCREMENT for table `tbl_appointments`
--
ALTER TABLE `tbl_appointments`
  MODIFY `id` int(11) NOT NULL AUTO_INCREMENT, AUTO_INCREMENT=114;

--
-- AUTO_INCREMENT for table `tbl_behavioral_problems`
--
ALTER TABLE `tbl_behavioral_problems`
  MODIFY `id` int(11) NOT NULL AUTO_INCREMENT, AUTO_INCREMENT=91;

--
-- AUTO_INCREMENT for table `tbl_cancers`
--
ALTER TABLE `tbl_cancers`
  MODIFY `id` int(11) NOT NULL AUTO_INCREMENT, AUTO_INCREMENT=95;

--
-- AUTO_INCREMENT for table `tbl_chief_complaints`
--
ALTER TABLE `tbl_chief_complaints`
  MODIFY `id` int(11) NOT NULL AUTO_INCREMENT, AUTO_INCREMENT=11;

--
-- AUTO_INCREMENT for table `tbl_cities`
--
ALTER TABLE `tbl_cities`
  MODIFY `id` int(11) NOT NULL AUTO_INCREMENT, AUTO_INCREMENT=971;

--
-- AUTO_INCREMENT for table `tbl_complaints`
--
ALTER TABLE `tbl_complaints`
  MODIFY `id` int(11) NOT NULL AUTO_INCREMENT, AUTO_INCREMENT=99;

--
-- AUTO_INCREMENT for table `tbl_departments`
--
ALTER TABLE `tbl_departments`
  MODIFY `id` int(11) NOT NULL AUTO_INCREMENT, AUTO_INCREMENT=5;

--
-- AUTO_INCREMENT for table `tbl_deseases`
--
ALTER TABLE `tbl_deseases`
  MODIFY `id` int(11) NOT NULL AUTO_INCREMENT, AUTO_INCREMENT=6;

--
-- AUTO_INCREMENT for table `tbl_family_deseases`
--
ALTER TABLE `tbl_family_deseases`
  MODIFY `id` int(11) NOT NULL AUTO_INCREMENT, AUTO_INCREMENT=513;

--
-- AUTO_INCREMENT for table `tbl_fractures`
--
ALTER TABLE `tbl_fractures`
  MODIFY `id` int(11) NOT NULL AUTO_INCREMENT, AUTO_INCREMENT=91;

--
-- AUTO_INCREMENT for table `tbl_gradelevels`
--
ALTER TABLE `tbl_gradelevels`
  MODIFY `id` int(11) NOT NULL AUTO_INCREMENT, AUTO_INCREMENT=18;

--
-- AUTO_INCREMENT for table `tbl_guardians`
--
ALTER TABLE `tbl_guardians`
  MODIFY `id` int(11) NOT NULL AUTO_INCREMENT, AUTO_INCREMENT=133;

--
-- AUTO_INCREMENT for table `tbl_health_evaluations`
--
ALTER TABLE `tbl_health_evaluations`
  MODIFY `id` int(11) NOT NULL AUTO_INCREMENT, AUTO_INCREMENT=52;

--
-- AUTO_INCREMENT for table `tbl_history_illnesses`
--
ALTER TABLE `tbl_history_illnesses`
  MODIFY `id` int(11) NOT NULL AUTO_INCREMENT, AUTO_INCREMENT=2122;

--
-- AUTO_INCREMENT for table `tbl_hospitalizations`
--
ALTER TABLE `tbl_hospitalizations`
  MODIFY `id` int(11) NOT NULL AUTO_INCREMENT, AUTO_INCREMENT=91;

--
-- AUTO_INCREMENT for table `tbl_illnesses`
--
ALTER TABLE `tbl_illnesses`
  MODIFY `id` int(11) NOT NULL AUTO_INCREMENT, AUTO_INCREMENT=23;

--
-- AUTO_INCREMENT for table `tbl_immunizations`
--
ALTER TABLE `tbl_immunizations`
  MODIFY `id` int(11) NOT NULL AUTO_INCREMENT, AUTO_INCREMENT=504;

--
-- AUTO_INCREMENT for table `tbl_locations`
--
ALTER TABLE `tbl_locations`
  MODIFY `id` int(11) NOT NULL AUTO_INCREMENT, AUTO_INCREMENT=137;

--
-- AUTO_INCREMENT for table `tbl_maintenance`
--
ALTER TABLE `tbl_maintenance`
  MODIFY `id` int(11) NOT NULL AUTO_INCREMENT, AUTO_INCREMENT=29;

--
-- AUTO_INCREMENT for table `tbl_medical_supplies`
--
ALTER TABLE `tbl_medical_supplies`
  MODIFY `id` int(11) NOT NULL AUTO_INCREMENT, AUTO_INCREMENT=37;

--
-- AUTO_INCREMENT for table `tbl_meds_packaging_types`
--
ALTER TABLE `tbl_meds_packaging_types`
  MODIFY `id` int(11) NOT NULL AUTO_INCREMENT, AUTO_INCREMENT=9;

--
-- AUTO_INCREMENT for table `tbl_meds_released_histories`
--
ALTER TABLE `tbl_meds_released_histories`
  MODIFY `id` int(11) NOT NULL AUTO_INCREMENT, AUTO_INCREMENT=10;

--
-- AUTO_INCREMENT for table `tbl_med_types`
--
ALTER TABLE `tbl_med_types`
  MODIFY `id` int(11) NOT NULL AUTO_INCREMENT, AUTO_INCREMENT=10;

--
-- AUTO_INCREMENT for table `tbl_messages`
--
ALTER TABLE `tbl_messages`
  MODIFY `id` int(11) NOT NULL AUTO_INCREMENT, AUTO_INCREMENT=178;

--
-- AUTO_INCREMENT for table `tbl_operations`
--
ALTER TABLE `tbl_operations`
  MODIFY `id` int(11) NOT NULL AUTO_INCREMENT, AUTO_INCREMENT=91;

--
-- AUTO_INCREMENT for table `tbl_other_chief_complaints`
--
ALTER TABLE `tbl_other_chief_complaints`
  MODIFY `id` int(11) NOT NULL AUTO_INCREMENT, AUTO_INCREMENT=37;

--
-- AUTO_INCREMENT for table `tbl_other_deseases`
--
ALTER TABLE `tbl_other_deseases`
  MODIFY `id` int(11) NOT NULL AUTO_INCREMENT, AUTO_INCREMENT=92;

--
-- AUTO_INCREMENT for table `tbl_other_illnesses`
--
ALTER TABLE `tbl_other_illnesses`
  MODIFY `id` int(11) NOT NULL AUTO_INCREMENT, AUTO_INCREMENT=90;

--
-- AUTO_INCREMENT for table `tbl_patient_profiles`
--
ALTER TABLE `tbl_patient_profiles`
  MODIFY `id` int(11) NOT NULL AUTO_INCREMENT, AUTO_INCREMENT=260;

--
-- AUTO_INCREMENT for table `tbl_positions`
--
ALTER TABLE `tbl_positions`
  MODIFY `id` int(11) NOT NULL AUTO_INCREMENT, AUTO_INCREMENT=47;

--
-- AUTO_INCREMENT for table `tbl_provinces`
--
ALTER TABLE `tbl_provinces`
  MODIFY `id` int(11) NOT NULL AUTO_INCREMENT, AUTO_INCREMENT=83;

--
-- AUTO_INCREMENT for table `tbl_remarks`
--
ALTER TABLE `tbl_remarks`
  MODIFY `id` int(11) NOT NULL AUTO_INCREMENT, AUTO_INCREMENT=50;

--
-- AUTO_INCREMENT for table `tbl_siblings`
--
ALTER TABLE `tbl_siblings`
  MODIFY `id` int(11) NOT NULL AUTO_INCREMENT, AUTO_INCREMENT=141;

--
-- AUTO_INCREMENT for table `tbl_vaccines`
--
ALTER TABLE `tbl_vaccines`
  MODIFY `id` int(11) NOT NULL AUTO_INCREMENT, AUTO_INCREMENT=8;

--
-- AUTO_INCREMENT for table `tbl_visitors`
--
ALTER TABLE `tbl_visitors`
  MODIFY `id` int(11) NOT NULL AUTO_INCREMENT, AUTO_INCREMENT=5;

--
-- AUTO_INCREMENT for table `users`
--
ALTER TABLE `users`
  MODIFY `id` int(11) NOT NULL AUTO_INCREMENT, AUTO_INCREMENT=65;

--
-- Constraints for dumped tables
--

--
-- Constraints for table `tblparents`
--
ALTER TABLE `tblparents`
  ADD CONSTRAINT `tblparents_ibfk_1` FOREIGN KEY (`patient_id`) REFERENCES `tbl_patient_profiles` (`id`) ON DELETE CASCADE ON UPDATE CASCADE;

--
-- Constraints for table `tbl_allergies`
--
ALTER TABLE `tbl_allergies`
  ADD CONSTRAINT `tbl_allergies_ibfk_1` FOREIGN KEY (`patient_id`) REFERENCES `tbl_patient_profiles` (`id`) ON DELETE CASCADE ON UPDATE CASCADE;

--
-- Constraints for table `tbl_appointments`
--
ALTER TABLE `tbl_appointments`
  ADD CONSTRAINT `tbl_appointments_ibfk_1` FOREIGN KEY (`patient_id`) REFERENCES `tbl_patient_profiles` (`id`) ON DELETE CASCADE ON UPDATE CASCADE;

--
-- Constraints for table `tbl_behavioral_problems`
--
ALTER TABLE `tbl_behavioral_problems`
  ADD CONSTRAINT `tbl_behavioral_problems_ibfk_1` FOREIGN KEY (`patient_id`) REFERENCES `tbl_patient_profiles` (`id`) ON DELETE CASCADE ON UPDATE CASCADE;

--
-- Constraints for table `tbl_cancers`
--
ALTER TABLE `tbl_cancers`
  ADD CONSTRAINT `tbl_cancers_ibfk_1` FOREIGN KEY (`patient_id`) REFERENCES `tbl_patient_profiles` (`id`) ON DELETE CASCADE ON UPDATE CASCADE;

--
-- Constraints for table `tbl_complaints`
--
ALTER TABLE `tbl_complaints`
  ADD CONSTRAINT `tbl_complaints_ibfk_1` FOREIGN KEY (`chief_complaints_id`) REFERENCES `tbl_chief_complaints` (`id`) ON DELETE CASCADE ON UPDATE CASCADE,
  ADD CONSTRAINT `tbl_complaints_ibfk_2` FOREIGN KEY (`health_evaluation_id`) REFERENCES `tbl_health_evaluations` (`id`) ON DELETE CASCADE ON UPDATE CASCADE;

--
-- Constraints for table `tbl_family_deseases`
--
ALTER TABLE `tbl_family_deseases`
  ADD CONSTRAINT `tbl_family_deseases_ibfk_1` FOREIGN KEY (`desease_id`) REFERENCES `tbl_deseases` (`id`) ON DELETE CASCADE ON UPDATE CASCADE,
  ADD CONSTRAINT `tbl_family_deseases_ibfk_2` FOREIGN KEY (`patient_id`) REFERENCES `tbl_patient_profiles` (`id`) ON DELETE CASCADE ON UPDATE CASCADE;

--
-- Constraints for table `tbl_fractures`
--
ALTER TABLE `tbl_fractures`
  ADD CONSTRAINT `tbl_fractures_ibfk_1` FOREIGN KEY (`patient_id`) REFERENCES `tbl_patient_profiles` (`id`) ON DELETE CASCADE ON UPDATE CASCADE;

--
-- Constraints for table `tbl_guardians`
--
ALTER TABLE `tbl_guardians`
  ADD CONSTRAINT `tbl_guardians_ibfk_2` FOREIGN KEY (`patient_id`) REFERENCES `tbl_patient_profiles` (`id`) ON DELETE CASCADE ON UPDATE CASCADE;

--
-- Constraints for table `tbl_health_evaluations`
--
ALTER TABLE `tbl_health_evaluations`
  ADD CONSTRAINT `tbl_health_evaluations_ibfk_1` FOREIGN KEY (`patient_id`) REFERENCES `tbl_patient_profiles` (`id`) ON DELETE CASCADE ON UPDATE CASCADE;

--
-- Constraints for table `tbl_history_illnesses`
--
ALTER TABLE `tbl_history_illnesses`
  ADD CONSTRAINT `tbl_history_illnesses_ibfk_1` FOREIGN KEY (`illness_id`) REFERENCES `tbl_illnesses` (`id`) ON DELETE CASCADE ON UPDATE CASCADE,
  ADD CONSTRAINT `tbl_history_illnesses_ibfk_2` FOREIGN KEY (`patient_id`) REFERENCES `tbl_patient_profiles` (`id`) ON DELETE CASCADE ON UPDATE CASCADE;

--
-- Constraints for table `tbl_hospitalizations`
--
ALTER TABLE `tbl_hospitalizations`
  ADD CONSTRAINT `tbl_hospitalizations_ibfk_1` FOREIGN KEY (`patient_id`) REFERENCES `tbl_patient_profiles` (`id`) ON DELETE CASCADE ON UPDATE CASCADE;

--
-- Constraints for table `tbl_immunizations`
--
ALTER TABLE `tbl_immunizations`
  ADD CONSTRAINT `tbl_immunizations_ibfk_1` FOREIGN KEY (`vaccine_id`) REFERENCES `tbl_vaccines` (`id`) ON DELETE CASCADE ON UPDATE CASCADE,
  ADD CONSTRAINT `tbl_immunizations_ibfk_2` FOREIGN KEY (`patient_id`) REFERENCES `tbl_patient_profiles` (`id`) ON DELETE CASCADE ON UPDATE CASCADE;

--
-- Constraints for table `tbl_locations`
--
ALTER TABLE `tbl_locations`
  ADD CONSTRAINT `tbl_locations_ibfk_1` FOREIGN KEY (`guardian_id`) REFERENCES `tbl_guardians` (`id`) ON DELETE CASCADE ON UPDATE CASCADE;

--
-- Constraints for table `tbl_maintenance`
--
ALTER TABLE `tbl_maintenance`
  ADD CONSTRAINT `tbl_maintenance_ibfk_1` FOREIGN KEY (`patient_id`) REFERENCES `tbl_patient_profiles` (`id`) ON DELETE CASCADE ON UPDATE CASCADE;

--
-- Constraints for table `tbl_medical_supplies`
--
ALTER TABLE `tbl_medical_supplies`
  ADD CONSTRAINT `tbl_medical_supplies_ibfk_1` FOREIGN KEY (`med_type_id`) REFERENCES `tbl_med_types` (`id`) ON DELETE CASCADE ON UPDATE CASCADE,
  ADD CONSTRAINT `tbl_medical_supplies_ibfk_2` FOREIGN KEY (`packaging_id`) REFERENCES `tbl_meds_packaging_types` (`id`) ON DELETE CASCADE ON UPDATE CASCADE;

--
-- Constraints for table `tbl_meds_released_histories`
--
ALTER TABLE `tbl_meds_released_histories`
  ADD CONSTRAINT `tbl_meds_released_histories_ibfk_1` FOREIGN KEY (`med_supply_id`) REFERENCES `tbl_medical_supplies` (`id`) ON DELETE CASCADE ON UPDATE CASCADE;

--
-- Constraints for table `tbl_messages`
--
ALTER TABLE `tbl_messages`
  ADD CONSTRAINT `tbl_messages_ibfk_1` FOREIGN KEY (`sender`) REFERENCES `users` (`id`) ON DELETE CASCADE ON UPDATE CASCADE,
  ADD CONSTRAINT `tbl_messages_ibfk_2` FOREIGN KEY (`event_id`) REFERENCES `tbl_appointments` (`id`) ON DELETE CASCADE ON UPDATE CASCADE,
  ADD CONSTRAINT `tbl_messages_ibfk_3` FOREIGN KEY (`receiver`) REFERENCES `users` (`id`) ON DELETE CASCADE ON UPDATE CASCADE;

--
-- Constraints for table `tbl_operations`
--
ALTER TABLE `tbl_operations`
  ADD CONSTRAINT `tbl_operations_ibfk_1` FOREIGN KEY (`patient_id`) REFERENCES `tbl_patient_profiles` (`id`) ON DELETE CASCADE ON UPDATE CASCADE;

--
-- Constraints for table `tbl_other_chief_complaints`
--
ALTER TABLE `tbl_other_chief_complaints`
  ADD CONSTRAINT `tbl_other_chief_complaints_ibfk1` FOREIGN KEY (`health_evaluation_id`) REFERENCES `tbl_health_evaluations` (`id`) ON DELETE CASCADE ON UPDATE CASCADE;

--
-- Constraints for table `tbl_other_deseases`
--
ALTER TABLE `tbl_other_deseases`
  ADD CONSTRAINT `tbl_other_deseases_ibfk_1` FOREIGN KEY (`patient_id`) REFERENCES `tbl_patient_profiles` (`id`) ON DELETE CASCADE ON UPDATE CASCADE;

--
-- Constraints for table `tbl_other_illnesses`
--
ALTER TABLE `tbl_other_illnesses`
  ADD CONSTRAINT `tbl_other_illnesses_ibfk_1` FOREIGN KEY (`patient_id`) REFERENCES `tbl_patient_profiles` (`id`) ON DELETE CASCADE ON UPDATE CASCADE;

--
-- Constraints for table `tbl_patient_profiles`
--
ALTER TABLE `tbl_patient_profiles`
  ADD CONSTRAINT `tbl_patient_profiles_ibfk_1` FOREIGN KEY (`user_id`) REFERENCES `users` (`id`);

--
-- Constraints for table `tbl_positions`
--
ALTER TABLE `tbl_positions`
  ADD CONSTRAINT `tbl_personel_position_ibfk_1` FOREIGN KEY (`health_evaluation_id`) REFERENCES `tbl_health_evaluations` (`id`) ON DELETE CASCADE ON UPDATE CASCADE,
  ADD CONSTRAINT `tbl_personel_position_ibfk_2` FOREIGN KEY (`department_id`) REFERENCES `tbl_departments` (`id`),
  ADD CONSTRAINT `tbl_personel_position_ibfk_3` FOREIGN KEY (`yearLevel_id`) REFERENCES `tbl_gradelevels` (`id`);

--
-- Constraints for table `tbl_remarks`
--
ALTER TABLE `tbl_remarks`
  ADD CONSTRAINT `tbl_remarks_ibfk_1` FOREIGN KEY (`patient_id`) REFERENCES `tbl_patient_profiles` (`id`) ON DELETE CASCADE ON UPDATE CASCADE;

--
-- Constraints for table `tbl_siblings`
--
ALTER TABLE `tbl_siblings`
  ADD CONSTRAINT `tbl_siblings_ibfk_1` FOREIGN KEY (`patient_id`) REFERENCES `tbl_patient_profiles` (`id`) ON DELETE CASCADE ON UPDATE CASCADE;
COMMIT;

/*!40101 SET CHARACTER_SET_CLIENT=@OLD_CHARACTER_SET_CLIENT */;
/*!40101 SET CHARACTER_SET_RESULTS=@OLD_CHARACTER_SET_RESULTS */;
/*!40101 SET COLLATION_CONNECTION=@OLD_COLLATION_CONNECTION */;
